3.249433845318285830e+00,-6.114910764658446629e-01,0.000000000000000000e+00,0.000000000000000000e+00,0.000000000000000000e+00,0.000000000000000000e+00,0.000000000000000000e+00,0.000000000000000000e+00,2.112131999456885734e-01,-3.974691997027990364e-02,0.000000000000000000e+00,0.000000000000000000e+00,2.757840633677317577e+00,8.944393064652345071e-02,0.000000000000000000e+00,0.000000000000000000e+00,0.000000000000000000e+00,-5.449334275908768177e-04
1.068273901936036108e+00,5.788122202308683129e-01,0.000000000000000000e+00,-0.000000000000000000e+00,2.112131999456885734e-01,-3.974691997027990364e-02,0.000000000000000000e+00,0.000000000000000000e+00,2.654140033104943619e-01,8.377584955089820151e-04,9.987597530920240899e-03,1.469403088125795405e-02,2.757840633677317577e+00,8.944393064652345071e-02,0.000000000000000000e+00,0.000000000000000000e+00,0.000000000000000000e+00,3.924361662939190865e-04
3.566509544883302407e+00,-2.627570685111164206e+00,4.029999967722957543e-01,-1.719142640292799332e-05,2.664127630635864108e-01,2.307161583634777507e-03,9.987597530920240899e-03,1.469403088125795405e-02,4.870283102547797172e-01,-1.794699355689655107e-01,1.013255167380958943e-01,-7.623264011955541153e-02,2.772424221045058701e+00,8.943933556295036169e-02,4.000000000000000222e-01,0.000000000000000000e+00,4.000000059604644775e-01,4.265862662578001618e-05
3.566509544883302407e+00,-2.627570685111164206e+00,1.582000015726708897e+00,-6.748594803379981476e-05,4.971608619285893260e-01,-1.870931995809210491e-01,1.013255167380958943e-01,-7.623264011955541153e-02,7.431589786552647015e-01,-3.601451053920036727e-01,2.720082112250073458e-01,-1.654460143241399395e-01,2.772424221045058701e+00,8.943933556295036169e-02,1.600000000000000089e+00,-2.000000000000000042e-03,1.600000023841857910e+00,4.265862662578001618e-05
5.667798996148047941e+00,-1.361573513589145357e+00,4.009603673009237035e+00,-1.058330763628246712e-01,7.703597997777654749e-01,-3.766897068244176583e-01,2.720082112250073458e-01,-1.654460143241399395e-01,1.234831695524079453e+00,-4.480377857477745307e-01,6.445320751548304639e-01,-2.026545530079129631e-01,3.008161068191119281e+00,8.811945053810717188e-02,3.999000000000000110e+00,-6.900000000000000577e-02,4.000000000000000000e+00,2.638876996934413910e-02
6.631738424570724710e+00,8.752037819584276290e-01,5.595943859407154441e+00,-3.968801083387777928e-01,1.299284903039562566e+00,-4.683032410485657993e-01,6.445320751548304639e-01,-2.026545530079129631e-01,1.868971346218304408e+00,-3.732473603776899074e-01,1.112778635418177231e+00,-1.570822675334823393e-01,3.529550075697549971e+00,7.441788313608625749e-02,5.616999999999999993e+00,-2.999999999999999889e-01,5.625000000000000000e+00,7.080426067113876343e-02
1.117409944634530916e+00,7.905546340337822331e-01,5.180985813167163556e+00,-3.674501143135656678e-01,1.980249209760122087e+00,-3.889555871310381163e-01,1.112778635418177231e+00,-1.570822675334823393e-01,2.075263348397232033e+00,-3.052099428823090155e-01,1.297553113245501377e+00,-1.174102432743310553e-01,4.172090054059717446e+00,3.113626558687769552e-02,5.424999999999999822e+00,-6.029999999999999805e-01,5.459000110626220703e+00,7.080426067113876343e-02
9.069513797870119021e+00,2.010652486263088956e-01,5.419117967952497672e+00,-7.143649803581390012e-01,2.205018659721782015e+00,-3.169509672097421404e-01,1.297553113245501377e+00,-1.174102432743310553e-01,2.909588812981743544e+00,-3.042386179890097520e-01,1.792768299956750910e+00,-1.308602846998352387e-01,4.690572261939087717e+00,-3.169884564138896604e-02,5.405000000000000249e+00,-7.640000000000000124e-01,5.459000110626220703e+00,1.310673952102661133e-01
1.869674682854000736e+00,7.825054905812505623e+00,5.471833638571934166e+00,-9.918448413297834554e-01,3.088865642977418613e+00,-3.173246464589932758e-01,1.792768299956750910e+00,-1.308602846998352387e-01,3.148536977420564931e+00,3.124760341623196158e-01,1.925883844408616596e+00,1.960090833906244501e-01,5.329755306410815408e+00,-1.439678452445914969e-01,5.572000000000000064e+00,-1.106999999999999984e+00,5.681000232696533203e+00,1.793167144060134888e-01
8.524118185406496906e+00,-1.210297473254110745e+00,5.206036337616223086e+00,-1.193091575336942434e+00,3.341125361861426502e+00,3.320769425013820886e-01,1.925883844408616596e+00,1.960090833906244501e-01,3.904024949098703789e+00,1.360317033199736347e-01,2.307430192689265525e+00,4.903548010335453955e-02,5.936795711837739020e+00,-2.805341560652533373e-01,5.323999999999999844e+00,-1.284000000000000030e+00,5.477000236511230469e+00,2.252843677997589111e-01
8.524118185406496906e+00,-1.210297473254110745e+00,5.274983575956372128e+00,-1.374027511481859198e+00,4.134767968367630608e+00,1.409352513303090970e-01,2.307430192689265525e+00,4.903548010335453955e-02,4.625934650767760559e+00,-4.087850754171534762e-02,2.636734916547456287e+00,-8.624698431898544793e-02,5.936795711837739020e+00,-2.805341560652533373e-01,5.368999999999999773e+00,-1.441000000000000059e+00,5.559000015258789062e+00,2.548175752162933350e-01
9.290971518318993816e+00,7.422461270461823413e-02,5.202405101937439547e+00,-1.355122273464069993e+00,4.889608142422506631e+00,-4.950320597361389241e-02,2.636734916547456287e+00,-8.624698431898544793e-02,5.368360758716881342e+00,-9.902901092723573329e-02,2.944586554884306207e+00,-1.428056159263272895e-01,6.550584316598364154e+00,-4.389047996871334734e-01,5.368999999999999773e+00,-1.441000000000000059e+00,5.559000015258789062e+00,2.548175752162933350e-01
7.889153480611208913e+00,-4.640532888644139931e+00,5.209126376899691380e+00,-1.598937803899267873e+00,5.662819414205311652e+00,-1.133095725198684650e-01,2.944586554884306207e+00,-1.428056159263272895e-01,5.948908446277680007e+00,-5.657141208850833269e-01,3.141088147285156396e+00,-4.147802632760754227e-01,7.157220363953981312e+00,-6.091145654959322364e-01,5.246999999999999886e+00,-1.612000000000000099e+00,5.488999843597412109e+00,2.978200614452362061e-01
7.355953902592214710e+00,-3.803496160705476470e+00,5.383622573769842212e+00,-1.829536145652969958e+00,6.263017261006195824e+00,-6.071921472126908803e-01,3.141088147285156396e+00,-4.147802632760754227e-01,6.453397565046340212e+00,-9.445037161465054121e-01,3.284485029892730168e+00,-6.209011311638362729e-01,7.658662319890235715e+00,-7.632313159996283458e-01,5.312000000000000277e+00,-1.802000000000000046e+00,5.609000205993652344e+00,3.275893926620483398e-01
7.136898875288342659e+00,-3.274387505000407317e-01,5.141236425998424231e+00,-1.747165174717155267e+00,6.781846068035613406e+00,-1.006593829262889095e+00,3.284485029892730168e+00,-6.209011311638362729e-01,6.892874902601915821e+00,-9.997585185997361901e-01,3.377293421282447472e+00,-6.399208004971659314e-01,8.267621517861989844e+00,-9.678421393926975869e-01,5.208999999999999631e+00,-1.786000000000000032e+00,5.506999969482421875e+00,3.275893926620483398e-01
7.136898875288342659e+00,-3.274387505000407317e-01,5.146223667463111440e+00,-1.766596388085400315e+00,7.230604244730161057e+00,-1.063750598649452872e+00,3.377293421282447472e+00,-6.399208004971659314e-01,7.299363247135492117e+00,-1.051336987858985994e+00,3.445391240109172415e+00,-6.552625559668233679e-01,8.267621517861989844e+00,-9.678421393926975869e-01,5.206999999999999851e+00,-1.792000000000000037e+00,5.506999969482421875e+00,3.306758105754852295e-01
1.024007487335242494e+01,-4.186812796746873566e+00,5.119899932595526337e+00,-1.769325209350645300e+00,7.643902371146409358e+00,-1.116863243455668231e+00,3.445391240109172415e+00,-6.552625559668233679e-01,7.936705224440512296e+00,-1.428604979412723130e+00,3.622935593880118432e+00,-8.337856459142731769e-01,9.463567257261809473e+00,-1.380021729856759194e+00,5.205000000000000071e+00,-1.794999999999999929e+00,5.506000041961669922e+00,3.327300548553466797e-01
1.024007487335242494e+01,-4.186812796746873566e+00,5.247283444495979055e+00,-1.786300060438623660e+00,8.298998783828524850e+00,-1.511983544004150470e+00,3.622935593880118432e+00,-8.337856459142731769e-01,8.533698376753651615e+00,-1.782368892906238456e+00,3.768814864442449508e+00,-9.866398750925918781e-01,9.463567257261809473e+00,-1.380021729856759194e+00,5.211999999999999744e+00,-1.776000000000000023e+00,5.506000041961669922e+00,3.281183242797851562e-01
1.020199431511737487e+01,-2.150255003407266940e+00,4.752185051389731463e+00,-1.617756794407050336e+00,8.910579863197897410e+00,-1.881032880415497655e+00,3.768814864442449508e+00,-9.866398750925918781e-01,9.062362964164519141e+00,-1.931393232223356238e+00,3.861079282510415656e+00,-1.022842793756293611e+00,9.961373806749902471e+00,-1.550334730409938189e+00,5.174000000000000377e+00,-1.745999999999999996e+00,5.460999965667724609e+00,3.281183242797851562e-01
1.061382171942925723e+01,-3.091888346693460576e+00,5.391108113736629903e+00,-1.753144601221919618e+00,9.448470892415560485e+00,-2.033677511598985799e+00,3.861079282510415656e+00,-1.022842793756293611e+00,9.612377456319814328e+00,-2.155452916217191373e+00,3.967917721609458326e+00,-1.095629697757535492e+00,1.056132459713445293e+01,-1.752892294216313651e+00,5.291999999999999815e+00,-1.719000000000000083e+00,5.564000129699707031e+00,3.144054412841796875e-01
7.996975899099908247e+00,-1.540286131516130252e+00,5.402519958525281218e+00,-1.756855640522027251e+00,1.000916922848075963e+01,-2.265015885992944789e+00,3.967917721609458326e+00,-1.095629697757535492e+00,9.897974926565892062e+00,-2.231244907731605220e+00,3.937810827801484503e+00,-1.090308356941771528e+00,1.116875410137645375e+01,-1.952636279680914910e+00,5.317999999999999616e+00,-1.677999999999999936e+00,5.577000141143798828e+00,3.144054412841796875e-01
9.227361202767466963e+00,-1.346694924135144245e+00,5.469675977026097868e+00,-1.683856963629313253e+00,1.029175600934603985e+01,-2.340275743425782373e+00,3.937810827801484503e+00,-1.090308356941771528e+00,1.026503690295409577e+01,-2.280509788116717562e+00,3.950378531822652750e+00,-1.071102446333616953e+00,1.177855062551232734e+01,-2.142631568243771767e+00,5.328000000000000291e+00,-1.604000000000000092e+00,5.564000129699707031e+00,2.986458539962768555e-01
1.411529886759144148e+01,-4.384585656993846392e+00,5.243978644981056370e+00,-1.556144490617547671e+00,1.066007475613636046e+01,-2.387620032750079169e+00,3.950378531822652750e+00,-1.071102446333616953e+00,1.100805267125090836e+01,-2.578329822488877099e+00,4.140248691703914297e+00,-1.171724481198953338e+00,1.238766622593350952e+01,-2.324755468293717264e+00,5.150000000000000355e+00,-1.516000000000000014e+00,5.368999958038330078e+00,2.884714007377624512e-01
1.411529886759144148e+01,-4.384585656993846392e+00,5.428185669248511758e+00,-1.592623644768697666e+00,1.142207754042130041e+01,-2.695502270608772566e+00,4.140248691703914297e+00,-1.171724481198953338e+00,1.170459156170234216e+01,-2.857053230790587595e+00,4.297592897404045154e+00,-1.256711593361450108e+00,1.298344564475369189e+01,-2.499751605660433196e+00,5.270999999999999908e+00,-1.544999999999999929e+00,5.493000030517578125e+00,2.853897809982299805e-01
1.324801284123751444e+01,-2.815143742204867294e+00,5.274869606323889570e+00,-1.546855528739210062e+00,1.213435085144274694e+01,-2.982724390126732406e+00,4.297592897404045154e+00,-1.256711593361450108e+00,1.226933704790542556e+01,-2.980461111479169478e+00,4.378345672342580208e+00,-1.260342274194296452e+00,1.298344564475369189e+01,-2.499751605660433196e+00,5.275000000000000355e+00,-1.544999999999999929e+00,5.497000217437744141e+00,2.852526903152465820e-01
1.595230579417537342e+01,-1.122465529240438853e+00,5.096248597998948249e+00,-1.502072360356640379e+00,1.270717161513968385e+01,-3.106495338898599190e+00,4.378345672342580208e+00,-1.260342274194296452e+00,1.301265067754954075e+01,-2.947497390644385540e+00,4.536324833519237210e+00,-1.187953442235286872e+00,1.358904409421802661e+01,-2.677124061187303283e+00,5.190999999999999837e+00,-1.530000000000000027e+00,5.412000179290771484e+00,2.866248786449432373e-01
1.492877632383309106e+01,-4.816528000544111343e+00,5.260593989507636792e+00,-1.577408003299487937e+00,1.346628316090146527e+01,-3.066292734867914316e+00,4.536324833519237210e+00,-1.187953442235286872e+00,1.362022065640658042e+01,-3.231232155385880045e+00,4.621524374652541844e+00,-1.273124006503236982e+00,1.418985128463990719e+01,-2.853912153039028343e+00,5.222999999999999865e+00,-1.546999999999999931e+00,5.447000026702880859e+00,2.913224697113037109e-01
1.171021890673230281e+01,-9.520233060342909726e-01,5.235689480846392740e+00,-1.569940296922823553e+00,1.408237309387183522e+01,-3.358544556036203943e+00,4.621524374652541844e+00,-1.273124006503236982e+00,1.390574532106441552e+01,-3.165968045703659417e+00,4.547104297757450730e+00,-1.185962809421529540e+00,1.478816938427131156e+01,-3.033605136122512036e+00,5.211999999999999744e+00,-1.584000000000000075e+00,5.531000137329101562e+00,2.913224697113037109e-01
1.413022518162218866e+01,-3.133502469103776278e+00,5.116245160327219210e+00,-1.654135091383003964e+00,1.436045575084015979e+01,-3.284564326645812216e+00,4.547104297757450730e+00,-1.185962809421529540e+00,1.436399804046672024e+01,-3.290786858274652893e+00,4.557848409869244222e+00,-1.196381013435728446e+00,1.538992834094334050e+01,-3.230105677123853436e+00,5.177999999999999936e+00,-1.832999999999999963e+00,5.493000030517578125e+00,3.127029240131378174e-01
1.413022518162218866e+01,-3.133502469103776278e+00,4.910370280637487816e+00,-1.771062256566098281e+00,1.481978288145364431e+01,-3.410424959618225671e+00,4.557848409869244222e+00,-1.196381013435728446e+00,1.477549094485609871e+01,-3.410225041549365788e+00,4.542397879324097332e+00,-1.205407434879101736e+00,1.538992834094334050e+01,-3.230105677123853436e+00,5.150000000000000355e+00,-1.909999999999999920e+00,5.493000030517578125e+00,3.461556136608123779e-01
1.510728657319342361e+01,-4.062957623243535821e+00,4.889827906130209456e+00,-1.919268028189225817e+00,1.522973073278850897e+01,-3.530765785037275784e+00,4.542397879324097332e+00,-1.205407434879101736e+00,1.523337285304026167e+01,-3.604879308278707395e+00,4.549624996950302425e+00,-1.251880977808390361e+00,1.598424100918471424e+01,-3.445496358241338708e+00,5.182000000000000384e+00,-2.005999999999999783e+00,5.557000160217285156e+00,3.740260601043701172e-01
1.897314906142864643e+01,-3.526558869390791884e+00,5.074532188563687818e+00,-2.126293834846856967e+00,1.568833535273529201e+01,-3.730067406059546453e+00,4.549624996950302425e+00,-1.251880977808390361e+00,1.598831386423364620e+01,-3.748116006475874062e+00,4.700056916423371867e+00,-1.274247526405321462e+00,1.647921133064234667e+01,-3.639774598552826479e+00,5.182000000000000384e+00,-2.220000000000000195e+00,5.638000011444091797e+00,3.967885076999664307e-01
1.889772439070323529e+01,-1.264487781679111578e+00,4.944571114996223926e+00,-2.117748686608536435e+00,1.645831955587598472e+01,-3.875540759116406164e+00,4.700056916423371867e+00,-1.274247526405321462e+00,1.667515759756743421e+01,-3.687926011957830763e+00,4.806549013283595073e+00,-1.198730886540267049e+00,1.707133054760983981e+01,-3.888436355607572281e+00,5.182000000000000384e+00,-2.218999999999999861e+00,5.638000011444091797e+00,4.046605527400970459e-01
1.748386085047893346e+01,-1.480371513581757004e+00,5.138529899017607150e+00,-2.200820797528673101e+00,1.715581249889579496e+01,-3.807799100611857668e+00,4.806549013283595073e+00,-1.198730886540267049e+00,1.719698860693680231e+01,-3.650645831111904549e+00,4.831249540951638721e+00,-1.140184809565838897e+00,1.766028356626576112e+01,-4.139909066720936615e+00,5.070999999999999730e+00,-2.146999999999999797e+00,5.506999969482421875e+00,4.046605527400970459e-01
2.161307120340406485e+01,-4.575436824192555818e+00,5.131535936798140796e+00,-2.137713755159104778e+00,1.768011356103196619e+01,-3.764664312068488616e+00,4.831249540951638721e+00,-1.140184809565838897e+00,1.802573539456385632e+01,-3.873538483644462183e+00,4.999294515348765344e+00,-1.207325300808368640e+00,1.823755788869004846e+01,-4.381260194623791016e+00,5.001999999999999780e+00,-2.089999999999999858e+00,5.421000003814697266e+00,3.947203457355499268e-01
1.697505760214787074e+01,-4.768102012888432384e+00,5.389864111002992786e+00,-2.312485065927570194e+00,1.852566484609873143e+01,-3.994271013725299024e+00,4.999294515348765344e+00,-1.207325300808368640e+00,1.840984714675221667e+01,-4.104265843226368560e+00,4.950739617681477966e+00,-1.276637486362627971e+00,1.872849035333085510e+01,-4.589709558800479705e+00,5.184000000000000163e+00,-2.233999999999999986e+00,5.644999980926513672e+00,4.052903652191162109e-01
1.885327181238814376e+01,-7.756533899507688901e+00,5.096707169092411505e+00,-2.186708045175360215e+00,1.890492110852036589e+01,-4.231929591862630957e+00,4.950739617681477966e+00,-1.276637486362627971e+00,1.890639180732851443e+01,-4.567282934193266364e+00,4.953726388101959976e+00,-1.449209747289474715e+00,1.872849035333085510e+01,-4.589709558800479705e+00,5.192000000000000171e+00,-2.213000000000000078e+00,5.644999980926513672e+00,4.052903652191162109e-01
1.949994391251524917e+01,-8.163462915333008496e+00,5.409027561491951630e+00,-2.169793916337319661e+00,1.940176444613870999e+01,-4.712203908922213635e+00,4.953726388101959976e+00,-1.449209747289474715e+00,1.942831804666347040e+01,-5.033658547498666813e+00,4.973400770011823901e+00,-1.612169059038331964e+00,1.991706991204491928e+01,-5.080791749856326867e+00,5.153999999999999915e+00,-2.004000000000000004e+00,5.530000209808349609e+00,3.814913928508758545e-01
1.949994391251524917e+01,-8.163462915333008496e+00,5.186225001937809331e+00,-2.017993029259239623e+00,1.992565812366465394e+01,-5.194875453402500121e+00,4.973400770011823901e+00,-1.612169059038331964e+00,1.989809324130767365e+01,-5.462746900052811050e+00,4.963740628903834384e+00,-1.744858089547908220e+00,1.991706991204491928e+01,-5.080791749856326867e+00,5.152000000000000135e+00,-2.008999999999999897e+00,5.530000209808349609e+00,3.710801601409912109e-01
2.013404351515358570e+01,-6.330827989815984047e+00,5.185293133284632816e+00,-2.017630433258180478e+00,2.039446730419805576e+01,-5.637232709007601983e+00,4.963740628903834384e+00,-1.744858089547908220e+00,2.038125833110820295e+01,-5.706928104369716870e+00,4.960988348660820613e+00,-1.781992204929323975e+00,2.050871992166413094e+01,-5.311619081746240312e+00,5.137999999999999901e+00,-2.029999999999999805e+00,5.524000167846679688e+00,3.710801601409912109e-01
1.982935714760941437e+01,-5.257974752326141754e+00,4.993378811874878309e+00,-2.058389974800011402e+00,2.087735716597428492e+01,-5.885127324862649445e+00,4.960988348660820613e+00,-1.781992204929323975e+00,2.078984964704890004e+01,-5.843033720573818535e+00,4.920251467427859460e+00,-1.766486676147775103e+00,2.108495855389978146e+01,-5.542087831482223059e+00,5.038000000000000256e+00,-2.115000000000000213e+00,5.464000225067138672e+00,3.909995853900909424e-01
2.104326033636930404e+01,-3.860392132238633423e+00,5.025692714468604549e+00,-2.179655600518489500e+00,2.128187479379168678e+01,-6.019682388188596356e+00,4.920251467427859460e+00,-1.766486676147775103e+00,2.126587065946971222e+01,-5.853234639531897265e+00,4.914362917845351397e+00,-1.694532127286073830e+00,2.156449079565498650e+01,-5.741688528239661693e+00,5.046000000000000263e+00,-2.170999999999999819e+00,5.493000030517578125e+00,4.092186093330383301e-01
2.541645836850545948e+01,-5.944769137041881812e+00,4.778903454134235673e+00,-2.072622476132073732e+00,2.175730695125424674e+01,-6.022687852260504293e+00,4.914362917845351397e+00,-1.694532127286073830e+00,2.206190187539120018e+01,-6.031190781495383568e+00,5.055748866535354935e+00,-1.704463796640767415e+00,2.156449079565498650e+01,-5.741688528239661693e+00,4.948000000000000398e+00,-2.228000000000000203e+00,5.426000118255615234e+00,4.092186093330383301e-01
2.345935779870160331e+01,-7.661289133288051723e+00,5.186402221635701082e+00,-2.347653971772305503e+00,2.256747676204473407e+01,-6.201637161159460732e+00,5.055748866535354935e+00,-1.704463796640767415e+00,2.264824937484910095e+01,-6.350982079940590275e+00,5.095847140667971509e+00,-1.784893396005919008e+00,2.271095991146462723e+01,-6.251075067132660479e+00,5.070000000000000284e+00,-2.338999999999999968e+00,5.583000183105468750e+00,4.250601232051849365e-01
2.487359070799645266e+01,-4.496756591483442200e+00,4.995869153709790567e+00,-2.309828880377990057e+00,2.315783408891589801e+01,-6.529471419541182264e+00,5.095847140667971509e+00,-1.784893396005919008e+00,2.329918470759234239e+01,-6.378233629257339388e+00,5.160860433529105507e+00,-1.721885374523224321e+00,2.328805494373760610e+01,-6.518597879792599414e+00,4.934000000000000163e+00,-2.297000000000000153e+00,5.441999912261962891e+00,4.330747425556182861e-01
2.487359070799645266e+01,-4.496756591483442200e+00,5.196586968838549758e+00,-2.465965573096033481e+00,2.381527075094525259e+01,-6.550422166709662264e+00,5.160860433529105507e+00,-1.721885374523224321e+00,2.390634258582234750e+01,-6.406161512318389484e+00,5.204313774670195514e+00,-1.665603079079029047e+00,2.328805494373760610e+01,-6.518597879792599414e+00,4.921000000000000263e+00,-2.323999999999999844e+00,5.441999912261962891e+00,4.430693686008453369e-01
2.367108856905608150e+01,-5.983365632742859042e+00,4.978340155952412083e+00,-2.457810773825458206e+00,2.442677396328936723e+01,-6.572721820226292699e+00,5.204313774670195514e+00,-1.665603079079029047e+00,2.435374812680182188e+01,-6.554416555664661637e+00,5.166381169098599457e+00,-1.669395430906317035e+00,2.376005125080403957e+01,-6.742934980288835867e+00,4.910999999999999588e+00,-2.511000000000000121e+00,5.515999794006347656e+00,4.585956037044525146e-01
2.334899598361903728e+01,-8.786746420379561329e+00,4.531016444655414865e+00,-2.422588305069948600e+00,2.487038624371168183e+01,-6.721356098755292940e+00,5.166381169098599457e+00,-1.669395430906317035e+00,2.471617478272735013e+01,-6.926349150565638269e+00,5.083803440819465891e+00,-1.777728748192504593e+00,2.432860231436979603e+01,-7.025568284663303409e+00,4.748000000000000220e+00,-2.537999999999999812e+00,5.383999824523925781e+00,4.909956455230712891e-01
2.847485113214635177e+01,-5.157234945516328217e+00,4.702168775451439409e+00,-2.883723727170753204e+00,2.522455512680929601e+01,-7.104122025384889128e+00,5.083803440819465891e+00,-1.777728748192504593e+00,2.548461995203559383e+01,-6.983350223026052461e+00,5.200288285107807162e+00,-1.738188328573694541e+00,2.487657976192803844e+01,-7.322029867389799662e+00,4.610000000000000320e+00,-2.827999999999999847e+00,5.407999992370605469e+00,5.501235723495483398e-01
2.699830758648407780e+01,-9.127772369744208802e+00,4.395936218919875849e+00,-3.235044166308669311e+00,2.600464878054637552e+01,-7.157169055883422004e+00,5.200288285107807162e+00,-1.738188328573694541e+00,2.605672042631751140e+01,-7.383782458491292999e+00,5.212204341576576638e+00,-1.868346528893588765e+00,2.540270185537089276e+01,-7.650282659396150819e+00,4.323000000000000398e+00,-3.176000000000000156e+00,5.363999843597412109e+00,6.344268918037414551e-01
2.568124920134398792e+01,-3.302439966133927207e+00,3.915920672597583696e+00,-3.310883123259024341e+00,2.657794086047517013e+01,-7.570617111380651743e+00,5.212204341576576638e+00,-1.868346528893588765e+00,2.645029203490469882e+01,-7.266670637863848370e+00,5.131786339960127563e+00,-1.747833555958314466e+00,2.589698457773119245e+01,-8.018242158633105632e+00,4.232000000000000206e+00,-3.370999999999999996e+00,5.409999847412109375e+00,7.018716335296630859e-01
2.872738981255025337e+01,-1.062873772540679163e+01,4.275592957472864164e+00,-3.614983486228750209e+00,2.696347066890071176e+01,-7.441453993459679950e+00,5.131786339960127563e+00,-1.747833555958314466e+00,2.707871078639441720e+01,-7.785862952682557570e+00,5.172632450103954227e+00,-1.939253281655473726e+00,2.628851556784259813e+01,-8.360383310582671257e+00,3.982000000000000206e+00,-3.851999999999999869e+00,5.540999889373779297e+00,7.018716335296630859e-01
2.872738981255025337e+01,-1.062873772540679163e+01,3.902108493336827966e+00,-4.072241127461158072e+00,2.759597403140481120e+01,-7.979788280848104876e+00,5.172632450103954227e+00,-1.939253281655473726e+00,2.764112244259449724e+01,-8.289199111564878208e+00,5.173982377386476372e+00,-2.118357973922504911e+00,2.628851556784259813e+01,-8.360383310582671257e+00,3.754999999999999893e+00,-4.073999999999999844e+00,5.540999889373779297e+00,8.067299127578735352e-01
2.940924477622978017e+01,-6.789622821616402071e+00,3.468897685211681736e+00,-4.566943768095165446e+00,2.815852068033314382e+01,-8.501034908957128877e+00,5.173982377386476372e+00,-2.118357973922504911e+00,2.819644382094868718e+01,-8.453748275008297952e+00,5.165120543933388042e+00,-2.134460351921955379e+00,2.672434282368665137e+01,-8.824503221818172705e+00,3.262000000000000011e+00,-4.453999999999999737e+00,5.520999908447265625e+00,9.212006926536560059e-01
2.776805722744740024e+01,-7.819024600746287135e+00,3.215983925792389453e+00,-4.589364271352626368e+00,2.871295587534202554e+01,-8.667194310200493135e+00,5.165120543933388042e+00,-2.134460351921955379e+00,2.855520386793266852e+01,-8.693264071587135433e+00,5.060301686581793135e+00,-2.185201117859645770e+00,2.710691976548821103e+01,-9.333082475310558124e+00,3.162999999999999812e+00,-4.480999999999999872e+00,5.485000133514404297e+00,9.595690965652465820e-01
2.802084851290714695e+01,-1.324398330680567959e+01,3.296792242273054008e+00,-4.353582609335798104e+00,2.906123403659084659e+01,-8.911784183373100632e+00,5.060301686581793135e+00,-2.185201117859645770e+00,2.890280085236729590e+01,-9.365139835907696053e+00,4.958071008680533964e+00,-2.432632941162887974e+00,2.747162008303385861e+01,-9.849355974320763707e+00,3.362999999999999989e+00,-4.341000000000000192e+00,5.491000175476074219e+00,9.226652383804321289e-01
2.505657672889208243e+01,-1.216154424231095632e+01,3.571151481200500744e+00,-4.119609524864155325e+00,2.939860795323534859e+01,-9.608403130023985383e+00,4.958071008680533964e+00,-2.432632941162887974e+00,2.897558699346398825e+01,-9.891893395514840037e+00,4.737163245449040438e+00,-2.592543378271837007e+00,2.778948354790960096e+01,-1.026769856437369022e+01,3.504999999999999893e+00,-4.166000000000000369e+00,5.445000171661376953e+00,8.565915226936340332e-01
2.872294658468778294e+01,-9.584332027891838024e+00,4.163747428117684279e+00,-3.880988322068692487e+00,2.944930331800889078e+01,-1.015114773334202347e+01,4.737163245449040438e+00,-2.592543378271837007e+00,2.936492481276312105e+01,-1.015452430492922886e+01,4.688449162440021745e+00,-2.614322809751503218e+00,2.820404386554087850e+01,-1.073648289693590208e+01,4.062999999999999723e+00,-3.927000000000000046e+00,5.651000022888183594e+00,7.502642869949340820e-01
2.717979633828843689e+01,-9.764596262292863926e+00,3.884311128927476986e+00,-3.620528476066564583e+00,2.983376972900712332e+01,-1.041595658590437878e+01,4.688449162440021745e+00,-2.614322809751503218e+00,2.957694867397751537e+01,-1.040091829537805701e+01,4.554927186194931643e+00,-2.623009507056743406e+00,2.868039846434526297e+01,-1.117292431773978478e+01,4.306000000000000050e+00,-3.386000000000000121e+00,5.478000164031982422e+00,7.502642869949340820e-01
2.717979633828843689e+01,-9.764596262292863926e+00,4.255230642092334037e+00,-3.252652396201590079e+00,3.003244139259700773e+01,-1.066321924608373095e+01,4.554927186194931643e+00,-2.623009507056743406e+00,2.977891147444125863e+01,-1.061222545421409436e+01,4.430859527443725909e+00,-2.608866572618315782e+00,2.868039846434526297e+01,-1.117292431773978478e+01,4.506999999999999673e+00,-3.265000000000000124e+00,5.565999984741210938e+00,6.526467800140380859e-01
2.967162075707802771e+01,-8.059664764016133631e+00,4.566032175390669856e+00,-2.923941420189323903e+00,3.022199742718563087e+01,-1.087311211147592616e+01,4.430859527443725909e+00,-2.608866572618315782e+00,3.018077826664702457e+01,-1.064741646786947271e+01,4.413570234436864581e+00,-2.507538922223866873e+00,2.918521642725685794e+01,-1.155392102277019717e+01,4.745000000000000107e+00,-2.834999999999999964e+00,5.526999950408935547e+00,5.695742964744567871e-01
3.023638099476487184e+01,-9.968146720007965200e+00,4.988130639906705355e+00,-2.693717766584764028e+00,3.062213529009071067e+01,-1.089817036009185891e+01,4.413570234436864581e+00,-2.507538922223866873e+00,3.061237770469584518e+01,-1.082683447571489488e+01,4.417979712579270135e+00,-2.476869073255671516e+00,2.972510004115956406e+01,-1.189368180237858041e+01,4.918000000000000149e+00,-2.422000000000000153e+00,5.481999874114990234e+00,4.951530098915100098e-01
3.328217077314850769e+01,-1.474950579616358937e+01,5.165937759875612656e+00,-2.334662662545026190e+00,3.105417567595377193e+01,-1.107452138304046230e+01,4.417979712579270135e+00,-2.476869073255671516e+00,3.127267889368427234e+01,-1.138006888088150603e+01,4.532580379272901361e+00,-2.618503036163060127e+00,3.019131326748433608e+01,-1.213810757562425202e+01,4.996000000000000441e+00,-2.258000000000000007e+00,5.481999874114990234e+00,4.244610369205474854e-01
2.894850325652480194e+01,-1.453481964060959442e+01,4.921315582026989155e+00,-1.887880551557603370e+00,3.172593693161156381e+01,-1.164191918449781227e+01,4.532580379272901361e+00,-2.618503036163060127e+00,3.150622923790429297e+01,-1.185777271072369388e+01,4.435225320536137161e+00,-2.708685254168019974e+00,3.076117753994513393e+01,-1.239244488719997683e+01,5.125000000000000000e+00,-1.963999999999999968e+00,5.488999843597412109e+00,3.663003146648406982e-01
2.989236581342409238e+01,-1.778664521150667355e+01,5.379485797149786031e+00,-1.835480517936827205e+00,3.194975176995790633e+01,-1.212864123614049561e+01,4.435225320536137161e+00,-2.708685254168019974e+00,3.181317272267443386e+01,-1.257297284550650396e+01,4.385715970343176728e+00,-2.904209127811232971e+00,3.134859418870035341e+01,-1.261559514011070249e+01,5.230999999999999872e+00,-1.788000000000000034e+00,5.527999877929687500e+00,3.288137614727020264e-01
3.131765878251550461e+01,-1.527578596118019405e+01,5.229004127813519531e+00,-1.784136173367747213e+00,3.225174431970874878e+01,-1.286339375828762677e+01,4.385715970343176728e+00,-2.904209127811232971e+00,3.220626615391317671e+01,-1.302302619847937315e+01,4.377518193028982374e+00,-2.961817567078204760e+00,3.195078706810482316e+01,-1.282051495472901337e+01,5.296999999999999709e+00,-1.747999999999999998e+00,5.578000068664550781e+00,3.288137614727020264e-01
3.131765878251550461e+01,-1.527578596118019405e+01,5.440203953618365063e+00,-1.776769684189383414e+00,3.264401797321607290e+01,-1.331920795518719380e+01,4.377518193028982374e+00,-2.961817567078204760e+00,3.257406822419603998e+01,-1.343764886516813917e+01,4.361236425478919543e+00,-2.999013271547708914e+00,3.195078706810482316e+01,-1.282051495472901337e+01,5.302999999999999936e+00,-1.729000000000000092e+00,5.578000068664550781e+00,3.156782090663909912e-01
3.512705493030723147e+01,-1.139039651348474713e+01,5.321137530854075592e+00,-1.745134467489816155e+00,3.301019186674393069e+01,-1.373755019232291019e+01,4.361236425478919543e+00,-2.999013271547708914e+00,3.322773350901104550e+01,-1.348878455406773824e+01,4.478706666858806251e+00,-2.862234973103270796e+00,3.306461763441420487e+01,-1.318408802937231528e+01,5.261999999999999567e+00,-1.685000000000000053e+00,5.526000022888183594e+00,3.169091939926147461e-01
3.512705493030723147e+01,-1.139039651348474713e+01,5.342655534191887767e+00,-1.681437171811756448e+00,3.367560417569692532e+01,-1.377500805137806594e+01,4.478706666858806251e+00,-2.862234973103270796e+00,3.383296922836894538e+01,-1.352598440237417066e+01,4.566339759326694114e+00,-2.726480179157631856e+00,3.306461763441420487e+01,-1.318408802937231528e+01,5.275999999999999801e+00,-1.641000000000000014e+00,5.526000022888183594e+00,3.049055039882659912e-01
3.648622369844042623e+01,-1.667023853223488672e+01,5.372225800256037687e+00,-1.690743507251581290e+00,3.428960320430161346e+01,-1.379863242028993398e+01,4.566339759326694114e+00,-2.726480179157631856e+00,3.450775779555925027e+01,-1.400051606137931515e+01,4.681685335792439062e+00,-2.805304082808765198e+00,3.367871713715935300e+01,-1.337580517766180677e+01,5.498000000000000220e+00,-1.643000000000000016e+00,5.738999843597412109e+00,3.049055039882659912e-01
3.401176813258601328e+01,-1.599661210938546496e+01,5.583439996429630625e+00,-1.378113918590759157e+00,3.497592632913849542e+01,-1.428104646966019153e+01,4.681685335792439062e+00,-2.805304082808765198e+00,3.493023270731531937e+01,-1.436942210476430581e+01,4.674302453006608182e+00,-2.824549214374819428e+00,3.429604148903606387e+01,-1.355199364669293693e+01,5.373999999999999666e+00,-1.284000000000000030e+00,5.525000095367431641e+00,2.419850528240203857e-01
3.330838656477316562e+01,-1.507205358939899753e+01,5.478371861979951518e+00,-1.131492910021245857e+00,3.539766295261598117e+01,-1.465187702620178811e+01,4.674302453006608182e+00,-2.824549214374819428e+00,3.525279356562266742e+01,-1.461995155529829660e+01,4.618692506860273106e+00,-2.782985034163935723e+00,3.480926799820469597e+01,-1.367861203119422697e+01,5.509000000000000341e+00,-1.183000000000000052e+00,5.633999824523925781e+00,2.036742866039276123e-01
3.330838656477316562e+01,-1.507205358939899753e+01,5.611560894577652725e+00,-1.159001529347138293e+00,3.571466281630869588e+01,-1.489825005871469088e+01,4.618692506860273106e+00,-2.782985034163935723e+00,3.555047637963576079e+01,-1.484821465250995409e+01,4.556945946387989110e+00,-2.733976304412378600e+00,3.480926799820469597e+01,-1.367861203119422697e+01,5.535999999999999588e+00,-1.048999999999999932e+00,5.633999824523925781e+00,2.036742866039276123e-01
3.703314483212549391e+01,-1.284163168911070763e+01,5.613251850446458135e+00,-8.876337424241749208e-01,3.600617097427456059e+01,-1.512161228295119209e+01,4.556945946387989110e+00,-2.733976304412378600e+00,3.613525899850250056e+01,-1.485491183722908204e+01,4.634279975946264507e+00,-2.579467559123701736e+00,3.607847905211680484e+01,-1.390544251384257457e+01,5.660999999999999588e+00,-7.419999999999999929e-01,5.709000110626220703e+00,1.568331867456436157e-01
3.314215445596029497e+01,-1.227526644647583254e+01,5.353469429054046991e+00,-6.681241399476721687e-01,3.659868699609712905e+01,-1.511285859314145164e+01,4.634279975946264507e+00,-2.579467559123701736e+00,3.633464701371600825e+01,-1.479634496659400789e+01,4.521228965602419159e+00,-2.400485780359273402e+00,3.672201228216685820e+01,-1.398382214578600369e+01,5.514000000000000234e+00,-6.189999999999999947e-01,5.548999786376953125e+00,1.241601184010505676e-01
3.314215445596029497e+01,-1.227526644647583254e+01,5.619908711047146177e+00,-5.209248336762608567e-01,3.678676991027624865e+01,-1.503639354462993438e+01,4.521228965602419159e+00,-2.400485780359273402e+00,3.652193375780145601e+01,-1.472762262267104560e+01,4.413750155093669747e+00,-2.225647524435618863e+00,3.672201228216685820e+01,-1.398382214578600369e+01,5.663000000000000256e+00,-4.819999999999999840e-01,5.684000015258789062e+00,9.242864698171615601e-02
3.822296243940366622e+01,-1.431970719303178363e+01,5.486296005549613497e+00,-4.154016663027331746e-01,3.696330877331082121e+01,-1.495018737511460749e+01,4.413750155093669747e+00,-2.225647524435618863e+00,3.711274885655696920e+01,-1.482461418257273245e+01,4.500921522952464393e+00,-2.138153025013179054e+00,3.736237430579174656e+01,-1.404208020180060856e+01,5.491999999999999993e+00,-3.990000000000000213e-01,5.506999969482421875e+00,7.557203620672225952e-02
3.918681895765049461e+01,-1.585741261510350952e+01,5.516070015394146431e+00,-3.922676455559521713e-01,3.756284100885221733e+01,-1.503842948507405097e+01,4.500921522952464393e+00,-2.138153025013179054e+00,3.774084528374028480e+01,-1.503817041585178771e+01,4.600642748521227787e+00,-2.110670571309056776e+00,3.789505934724038383e+01,-1.408232621215998037e+01,5.458000000000000185e+00,-3.880000000000000115e-01,5.472000122070312500e+00,7.099409401416778564e-02
3.699834406406984755e+01,-1.509878239860024607e+01,5.415031507887348106e+00,-3.749899714669712725e-01,3.820090955859240722e+01,-1.524923747298269383e+01,4.600642748521227787e+00,-2.110670571309056776e+00,3.813154284310567732e+01,-1.516728837364795623e+01,4.580744395514761536e+00,-2.044884679716033382e+00,3.852322173149328677e+01,-1.412690571759923586e+01,5.471000000000000085e+00,-3.800000000000000044e-01,5.484000205993652344e+00,6.913944333791732788e-02
3.846019721072400444e+01,-1.232375399091145241e+01,5.655870814621692055e+00,-3.214807865259682318e-01,3.858961728265715152e+01,-1.537177684161956037e+01,4.580744395514761536e+00,-2.044884679716033382e+00,3.862152650249259977e+01,-1.504493657364467829e+01,4.612617473738323426e+00,-1.863985322382129661e+00,3.915133619378280372e+01,-1.416994408558072216e+01,5.472000000000000419e+00,-3.609999999999999876e-01,5.682000160217285156e+00,5.677909776568412781e-02
3.977329797528619082e+01,-1.209470967308627110e+01,5.339381747706745784e+00,-3.034914870010121946e-01,3.908278824986643230e+01,-1.523133510588289141e+01,4.612617473738323426e+00,-1.863985322382129661e+00,3.917024282419486525e+01,-1.490348730739843752e+01,4.665184509663652612e+00,-1.685164531568596358e+00,3.979875221911024852e+01,-1.420471791301148556e+01,5.415000000000000036e+00,-2.159999999999999976e-01,5.420000076293945312e+00,5.677909776568412781e-02
3.939884945804595873e+01,-1.290337745108402068e+01,5.544866392544838263e+00,-1.538340894024073369e-01,3.963676127516122705e+01,-1.507200376055529745e+01,4.665184509663652612e+00,-1.685164531568596358e+00,3.965168979739290478e+01,-1.482729384778898840e+01,4.685999427480418866e+00,-1.545945808494061158e+00,3.979875221911024852e+01,-1.420471791301148556e+01,5.418000000000000149e+00,-1.479999999999999927e-01,5.420000076293945312e+00,2.773640118539333344e-02
4.085835133517765883e+01,-1.103225425695971751e+01,5.518391672266003134e+00,-8.194474332152341944e-02,4.012028974014094729e+01,-1.498188842863839376e+01,4.685999427480418866e+00,-1.545945808494061158e+00,4.021598303042284073e+01,-1.458903840446441436e+01,4.744101002876421447e+00,-1.338031063816590871e+00,4.095941841621387880e+01,-1.422767094553459089e+01,5.442999999999999616e+00,-2.000000000000000042e-02,5.442999839782714844e+00,1.484829746186733246e-02
4.085835133517765883e+01,-1.103225425695971751e+01,5.475991917227258199e+00,9.310435270956131382e-03,4.069039313071048269e+01,-1.472284151084607373e+01,4.744101002876421447e+00,-1.338031063816590871e+00,4.073379983005805371e+01,-1.435658050762637394e+01,4.776008665041285184e+00,-1.144463817784896031e+00,4.095941841621387880e+01,-1.422767094553459089e+01,5.442999999999999616e+00,2.199999999999999872e-02,5.442999839782714844e+00,-1.700226450338959694e-03
4.261409950289800008e+01,-1.513887647616395427e+01,5.463992327485124534e+00,9.290033231424134688e-03,4.121140069656217975e+01,-1.447102688940486281e+01,4.776008665041285184e+00,-1.144463817784896031e+00,4.135762075355481926e+01,-1.448157942287202360e+01,4.855637495029064610e+00,-1.131351426425855289e+00,4.158792579193544725e+01,-1.422600392271490577e+01,5.533999999999999808e+00,4.700000000000000011e-02,5.533999919891357422e+00,-1.700226450338959694e-03
4.317230069706302231e+01,-1.062238482502814385e+01,5.638389629892857968e+00,-8.296199830156496258e-02,4.184318450305772785e+01,-1.459471456551460911e+01,4.855637495029064610e+00,-1.131351426425855289e+00,4.198695198135181528e+01,-1.421651444810149911e+01,4.935596712090504212e+00,-9.368476335049571446e-01,4.222329640461336453e+01,-1.422269944166984423e+01,5.551999999999999602e+00,-1.219999999999999973e-01,5.552999973297119141e+00,1.471271365880966187e-02
4.109023725986999409e+01,-1.151656750688093211e+01,5.678826839199893506e+00,-3.870254921489494904e-01,4.248051165256086392e+01,-1.431019921145199447e+01,4.935596712090504212e+00,-9.368476335049571446e-01,4.239241145437760849e+01,-1.405169689910192332e+01,4.905762586950166870e+00,-8.065163266289802069e-01,4.286015534461763110e+01,-1.423590306298927999e+01,5.522000000000000242e+00,-3.019999999999999907e-01,5.530000209808349609e+00,6.804714351892471313e-02
4.109023725986999409e+01,-1.151656750688093211e+01,5.517202054868091565e+00,-3.760103804946035022e-01,4.288298771307262314e+01,-1.413234853176482098e+01,4.905762586950166870e+00,-8.065163266289802069e-01,4.275554882460139794e+01,-1.389366508003692857e+01,4.855340635292735740e+00,-6.873864954243743552e-01,4.286015534461763110e+01,-1.423590306298927999e+01,5.503000000000000114e+00,-5.460000000000000409e-01,5.530000209808349609e+00,6.804714351892471313e-02
4.373658698810064038e+01,-1.614636174603393570e+01,5.504562346596636679e+00,-9.906773677742289896e-01,4.324108288813066991e+01,-1.396240372957936593e+01,4.855340635292735740e+00,-6.873864954243743552e-01,4.330893153138581653e+01,-1.415944569484415183e+01,4.897461169747707288e+00,-7.849159593553938219e-01,4.399970436131923179e+01,-1.440040902182436611e+01,5.320000000000000284e+00,-1.822999999999999954e+00,5.624000072479248047e+00,1.780676245689392090e-01
4.322752034673411003e+01,-1.266956166240138515e+01,5.264063491638117931e+00,-2.052349052586984524e+00,4.379867764836058797e+01,-1.423793729077969061e+01,4.897461169747707288e+00,-7.849159593553938219e-01,4.376492692036362087e+01,-1.415565646263752875e+01,4.887314966095210877e+00,-7.660368897305741553e-01,4.459457063698473434e+01,-1.464983109504614234e+01,5.036999999999999922e+00,-2.515000000000000124e+00,5.630000114440917969e+00,3.717512488365173340e-01
4.322752034673411003e+01,-1.266956166240138515e+01,4.413199975656532992e+00,-3.270583328724600225e+00,4.425365841697313840e+01,-1.423226015161058555e+01,4.887314966095210877e+00,-7.660368897305741553e-01,4.414785513288409646e+01,-1.419978832306812144e+01,4.830067805451415452e+00,-7.899975895024167194e-01,4.459457063698473434e+01,-1.464983109504614234e+01,4.214000000000000412e+00,-3.588999999999999968e+00,5.534999847412109375e+00,6.377750039100646973e-01
4.702653098182963731e+01,-1.664944509452729449e+01,4.369791741454074341e+00,-3.797030620605903017e+00,4.463086191342923570e+01,-1.427878808201836236e+01,4.830067805451415452e+00,-7.899975895024167194e-01,4.481538645632682716e+01,-1.459944876660408042e+01,4.909737293404221603e+00,-9.881041200555871207e-01,4.510520887374478605e+01,-1.503645638406992546e+01,4.304000000000000270e+00,-3.520000000000000018e+00,5.559999942779541016e+00,7.153801321983337402e-01
4.719928586495320388e+01,-1.057343939753089579e+01,4.246150522065959443e+00,-2.996500462457619030e+00,4.530636018566725198e+01,-1.469825917860963926e+01,4.909737293404221603e+00,-9.881041200555871207e-01,4.544020312219233659e+01,-1.442903058427853757e+01,4.962357359386998290e+00,-8.928133746674603577e-01,4.550767898634143904e+01,-1.538267067840025781e+01,4.522000000000000242e+00,-3.188000000000000167e+00,5.532999992370605469e+00,6.145399808883666992e-01
4.833945584359516801e+01,-1.587212256460217041e+01,5.016634268851870360e+00,-2.239958962013865129e+00,4.593643885813103367e+01,-1.451831192174528340e+01,4.962357359386998290e+00,-8.928133746674603577e-01,4.614210277425254958e+01,-1.468667511548632021e+01,5.060044056181192573e+00,-9.931983250747733472e-01,4.603361654345071230e+01,-1.574029568716244931e+01,5.049999999999999822e+00,-2.254000000000000004e+00,5.531000137329101562e+00,4.199447929859161377e-01
5.001634645490862852e+01,-1.549417249185651180e+01,5.377542962243597735e+00,-1.049511168334678946e+00,4.664810717987067079e+01,-1.478599494799379777e+01,5.060044056181192573e+00,-9.931983250747733472e-01,4.694600665534787964e+01,-1.484821242266559693e+01,5.205284609156723974e+00,-1.023375699872677291e+00,4.661769771602870094e+01,-1.598748711581972159e+01,5.413999999999999702e+00,-1.056000000000000050e+00,5.515999794006347656e+00,1.927427649497985840e-01
5.001634645490862852e+01,-1.549417249185651180e+01,5.442320795337720618e+00,-1.062153570221587850e+00,4.746653511626355026e+01,-1.495054999265286533e+01,5.205284609156723974e+00,-1.023375699872677291e+00,4.769191761065683011e+01,-1.499813292632378392e+01,5.315119840877536639e+00,-1.046387656623485318e+00,4.661769771602870094e+01,-1.598748711581972159e+01,5.413999999999999702e+00,-1.056000000000000050e+00,5.515999794006347656e+00,1.927427649497985840e-01
4.751472321214507843e+01,-1.693166372981251655e+01,5.482485029103647101e+00,1.963531902774124371e-01,4.822342959474458723e+01,-1.510277169198613301e+01,5.315119840877536639e+00,-1.046387656623485318e+00,4.817008619666924574e+01,-1.520809894032801957e+01,5.292626156280548777e+00,-1.076505019644758976e+00,4.788071489381388091e+01,-1.606330994543477431e+01,5.472999999999999865e+00,7.790000000000000258e-01,5.527999877929687500e+00,-3.579933196306228638e-02
5.008862006675604306e+01,-1.870588759377236343e+01,5.365451017904290687e+00,1.129257366240040916e+00,4.869934881229730195e+01,-1.531574944229249624e+01,5.292626156280548777e+00,-1.076505019644758976e+00,4.881990316408880659e+01,-1.551489175455529690e+01,5.350530008234350987e+00,-1.135702892505772610e+00,4.839471101831568944e+01,-1.593836716572846335e+01,5.232999999999999652e+00,1.796999999999999931e+00,5.532999992370605469e+00,-2.074406743049621582e-01
5.008862006675604306e+01,-1.870588759377236343e+01,5.135406636712979811e+00,2.104780461891762933e+00,4.935495616491223814e+01,-1.562846204380587345e+01,5.350530008234350987e+00,-1.135702892505772610e+00,4.940850879922666650e+01,-1.575986414309690886e+01,5.372373770376824176e+00,-1.146789924114973491e+00,4.839471101831568944e+01,-1.593836716572846335e+01,5.075000000000000178e+00,2.250000000000000000e+00,5.551000118255615234e+00,-3.889744877815246582e-01
4.809558808872111513e+01,-1.687157467857187143e+01,4.719000136815981961e+00,2.848364905327554375e+00,4.994574617626435042e+01,-1.587454313550840546e+01,5.372373770376824176e+00,-1.146789924114973491e+00,4.976301297237799304e+01,-1.579967536512100601e+01,5.276095170623932518e+00,-1.048928715772808218e+00,4.898009347980042349e+01,-1.568947056768190329e+01,4.615000000000000213e+00,2.918000000000000149e+00,5.460000038146972656e+00,-5.430586934089660645e-01
4.758076298307179286e+01,-1.464599517854567878e+01,4.501696164259326949e+00,3.415923433476680593e+00,5.029062248944038771e+01,-1.590456823669828701e+01,5.276095170623932518e+00,-1.048928715772808218e+00,5.003025966826435678e+01,-1.561995583446257108e+01,5.141368298264693770e+00,-8.449491524804400022e-01,4.951716089260889220e+01,-1.535971955327033456e+01,4.373000000000000220e+00,3.430000000000000160e+00,5.558000087738037109e+00,-6.491144895553588867e-01
5.266893148479262265e+01,-1.590681205005683729e+01,3.838493264123434390e+00,3.484225253837952785e+00,5.054439649809082624e+01,-1.570445074971061494e+01,5.141368298264693770e+00,-8.449491524804400022e-01,5.067236252496758198e+01,-1.554896766985355328e+01,5.181202659711078518e+00,-7.038959337341063049e-01,5.001950311707190622e+01,-1.497199276927083922e+01,4.112000000000000099e+00,3.532999999999999918e+00,5.421000003814697266e+00,-7.370565533638000488e-01
4.891293239594525488e+01,-1.501594183726682274e+01,4.149482357302508362e+00,3.766512072535845412e+00,5.119048279093868814e+01,-1.561935726322696460e+01,5.181202659711078518e+00,-7.038959337341063049e-01,5.095646975914727506e+01,-1.539000540610110157e+01,5.054849882839380193e+00,-5.258485270717496718e-01,5.040359354028397121e+01,-1.462370137164502282e+01,3.918000000000000149e+00,3.930000000000000160e+00,5.550000190734863281e+00,-7.370565533638000488e-01
5.200765788617721341e+01,-1.608863679347324904e+01,3.847544603614611702e+00,3.948362907507191544e+00,5.146195474743121423e+01,-1.544259025880827707e+01,5.054849882839380193e+00,-5.258485270717496718e-01,5.146002797513163074e+01,-1.531889754090390809e+01,5.035022407915927367e+00,-3.974907390957321818e-01,5.084474515952102536e+01,-1.416689042026887257e+01,3.693000000000000060e+00,4.166000000000000369e+00,5.566999912261962891e+00,-7.983296513557434082e-01
5.200765788617721341e+01,-1.608863679347324904e+01,3.777523450560864138e+00,4.321795223387998597e+00,5.196353021592322108e+01,-1.535864661481348215e+01,5.035022407915927367e+00,-3.974907390957321818e-01,5.191712607384953060e+01,-1.523229065003345006e+01,4.993466314250036397e+00,-2.640382897308644616e-01,5.084474515952102536e+01,-1.416689042026887257e+01,3.604000000000000092e+00,4.225999999999999979e+00,5.553999900817871094e+00,-8.524969816207885742e-01
5.143695117538219819e+01,-1.224356750507657665e+01,3.390151399578065217e+00,4.137471962815107318e+00,5.241647270527453628e+01,-1.525869447900653597e+01,4.993466314250036397e+00,-2.640382897308644616e-01,5.226959178744471757e+01,-1.482785381552742088e+01,4.899181644069963149e+00,7.799668844622964503e-03,5.126431989720042282e+01,-1.368461064299464169e+01,3.411000000000000032e+00,4.238999999999999879e+00,5.440999984741210938e+00,-8.843510150909423828e-01
5.118500649997666585e+01,-1.445679775746785012e+01,3.309372530040554317e+00,4.188352366182283681e+00,5.275950995185171166e+01,-1.482707384864295896e+01,4.899181644069963149e+00,7.799668844622964503e-03,5.256278146200065038e+01,-1.462902300665639466e+01,4.781638079520733164e+00,1.665666460079098798e-01,5.166501379043411646e+01,-1.319366959515213367e+01,3.380999999999999783e+00,4.262999999999999901e+00,5.440999984741210938e+00,-9.020983576774597168e-01
4.911917638804074926e+01,-1.316882038994046766e+01,3.401941444699307926e+00,4.361049979760806217e+00,5.304094526995272219e+01,-1.461236634205560314e+01,4.781638079520733164e+00,1.665666460079098798e-01,5.265381635158454543e+01,-1.432287007921957489e+01,4.577737931140018368e+00,3.686086847840307490e-01,5.199212598849667444e+01,-1.278009537676624596e+01,3.416999999999999815e+00,4.378000000000000114e+00,5.552999973297119141e+00,-9.083240628242492676e-01
5.248129706103858183e+01,-1.295503214813772708e+01,3.453350986082726504e+00,4.426212964920828163e+00,5.311159014469854611e+01,-1.428600921074117203e+01,4.577737931140018368e+00,3.686086847840307490e-01,5.301338028408152070e+01,-1.401150372397239963e+01,4.513875363077632485e+00,5.614472734126949582e-01,5.238297700953301472e+01,-1.227909974128118975e+01,3.395000000000000018e+00,4.338000000000000078e+00,5.507999897003173828e+00,-9.082429409027099609e-01
5.199800151635079004e+01,-8.109354296132396556e+00,3.353057519158699318e+00,4.141889210560353085e+00,5.346476782038928377e+01,-1.395535899663113000e+01,4.513875363077632485e+00,5.614472734126949582e-01,5.329426851603296456e+01,-1.331752420157495287e+01,4.415404644005089807e+00,9.178803209983390499e-01,5.271463251180445297e+01,-1.185578659976608229e+01,3.430000000000000160e+00,4.203999999999999737e+00,5.426000118255615234e+00,-8.902605772018432617e-01
5.301261552442826996e+01,-1.230977044376673213e+01,3.330446242788516198e+00,3.983088112611129272e+00,5.373580898043347531e+01,-1.322573616947511965e+01,4.415404644005089807e+00,9.178803209983390499e-01,5.363130400388885022e+01,-1.302594644456756257e+01,4.349195946745863850e+00,1.059986939653817295e+00,5.311164426854659837e+01,-1.136689118323156755e+01,3.470000000000000195e+00,4.171999999999999709e+00,5.426000118255615234e+00,-8.743999600410461426e-01
5.301261552442826996e+01,-1.230977044376673213e+01,3.552390593215065007e+00,4.248525186024153300e+00,5.406622359856343962e+01,-1.291994775060218004e+01,4.349195946745863850e+00,1.059986939653817295e+00,5.394522714985472334e+01,-1.274113610732197976e+01,4.279738083912064894e+00,1.194148874855319065e+00,5.311164426854659837e+01,-1.136689118323156755e+01,3.576000000000000068e+00,4.225999999999999979e+00,5.535999774932861328e+00,-8.743999600410461426e-01
5.468284761971656138e+01,-8.577740230678536193e+00,3.781881909832393251e+00,4.407973938131614311e+00,5.437320095824593125e+01,-1.262172121983644857e+01,4.279738083912064894e+00,1.194148874855319065e+00,5.437957206066371185e+01,-1.215110932386368781e+01,4.274935751227817882e+00,1.466100192784254297e+00,5.379214811365334015e+01,-1.056666592601395038e+01,3.536999999999999922e+00,4.134999999999999787e+00,5.440999984741210938e+00,-8.616970181465148926e-01
5.399550622778630782e+01,-1.054153970752839875e+01,3.392842954530984390e+00,4.115844247059161631e+00,5.480706563578649337e+01,-1.200449930458526282e+01,4.274935751227817882e+00,1.466100192784254297e+00,5.470316637663056270e+01,-1.177495341788683270e+01,4.212191458100005725e+00,1.615706461623330092e+00,5.413044118900113233e+01,-1.017046288470268856e+01,3.494000000000000217e+00,4.171000000000000263e+00,5.440999984741210938e+00,-8.813908696174621582e-01
5.443143392417454862e+01,-9.725309387312154996e+00,3.359130809375001192e+00,4.074948178318055447e+00,5.512438552244056211e+01,-1.161338277172449907e+01,4.212191458100005725e+00,1.615706461623330092e+00,5.503168819459865801e+01,-1.135543211291327026e+01,4.155176530822966896e+00,1.775701561740032908e+00,5.453088045123030980e+01,-9.682763376518309428e+00,3.293000000000000149e+00,4.107999999999999652e+00,5.264999866485595703e+00,-8.813908696174621582e-01
5.118058824567607701e+01,-1.068576602007735588e+01,3.220107931690102454e+00,4.137626641962009799e+00,5.544720584768095506e+01,-1.117786195673926741e+01,4.155176530822966896e+00,1.775701561740032908e+00,5.504860233389945279e+01,-1.104201014540489822e+01,3.952841588531653017e+00,1.876681762271166232e+00,5.484332037030664253e+01,-9.288610734997993390e+00,3.257000000000000117e+00,4.189000000000000057e+00,5.307000160217285156e+00,-9.094589948654174805e-01
5.369955515891160758e+01,-7.565760888844504706e+00,3.268013451109734735e+00,4.199182079746252683e+00,5.544388649275261827e+01,-1.085434196917778138e+01,3.952841588531653017e+00,1.876681762271166232e+00,5.526886102480643359e+01,-1.048324157107888333e+01,3.859699204669653660e+00,2.087810070638559612e+00,5.515591192257578967e+01,-8.886203088598840338e+00,3.326000000000000068e+00,4.290000000000000036e+00,5.427999973297119141e+00,-9.094589948654174805e-01
5.553302060817675567e+01,-9.157014706482266675e+00,3.413309016873027346e+00,4.428160278389676741e+00,5.565483094527339603e+01,-1.027446056401502794e+01,3.859699204669653660e+00,2.087810070638559612e+00,5.562671621057860705e+01,-1.008651120744786489e+01,3.839465887649598841e+00,2.212982103053536598e+00,5.547254705476969150e+01,-8.474645890623227373e+00,3.346999999999999975e+00,4.402999999999999581e+00,5.531000137329101562e+00,-9.141038060188293457e-01
5.421302676214815364e+01,-1.224779871910867257e+01,3.316819347009672292e+00,4.401117147176575095e+00,5.601066279934356373e+01,-9.865212997142510432e+00,3.839465887649598841e+00,2.212982103053536598e+00,5.583758999328461670e+01,-9.979733508027310407e+00,3.749784533347453319e+00,2.193351847600376825e+00,5.547254705476969150e+01,-8.474645890623227373e+00,3.282000000000000028e+00,4.445999999999999730e+00,5.526000022888183594e+00,-9.249752759933471680e-01
5.746326804182206871e+01,-4.237744369212533613e+00,3.216560203847754096e+00,4.392137739350064685e+00,5.621256844661936469e+01,-9.760398323267272858e+00,3.749784533347453319e+00,2.193351847600376825e+00,5.629722244344959137e+01,-9.205038210247691310e+00,3.781287149034397110e+00,2.489299392852863058e+00,5.616602849959820531e+01,-7.537497320435818438e+00,3.250000000000000000e+00,4.517000000000000348e+00,5.565000057220458984e+00,-9.386904835700988770e-01
5.746326804182206871e+01,-4.237744369212533613e+00,3.180744822714570930e+00,4.500442766733491418e+00,5.667535115835303117e+01,-8.956108270962404916e+00,3.781287149034397110e+00,2.489299392852863058e+00,5.671813014383724294e+01,-8.476341529521246088e+00,3.792018093332978790e+00,2.746713434486686811e+00,5.616602849959820531e+01,-7.537497320435818438e+00,3.214999999999999858e+00,4.575000000000000178e+00,5.592000007629394531e+00,-9.555460810661315918e-01
5.691567042495494633e+01,-9.253713168993161986e+00,3.147353725967095617e+00,4.528729187197792605e+00,5.709733195317053855e+01,-8.201670186072577806e+00,3.792018093332978790e+00,2.746713434486686811e+00,5.705624279560012724e+01,-8.219707031857327095e+00,3.762568565947764121e+00,2.766147675647507409e+00,5.647370862963094140e+01,-7.101690092336409244e+00,3.123000000000000220e+00,4.565000000000000391e+00,5.531000137329101562e+00,-9.634507894515991211e-01
5.805675685448724721e+01,-5.320023932158054691e+00,3.022966124833414092e+00,4.456445138579300469e+00,5.743249965219490605e+01,-7.943092264292576310e+00,3.762568565947764121e+00,2.766147675647507409e+00,5.745587426558926580e+01,-7.653559121442057744e+00,3.761983753451178636e+00,2.928962780055974768e+00,5.683832502402640330e+01,-6.575341500559945374e+00,3.063000000000000167e+00,4.533999999999999808e+00,5.471000194549560547e+00,-9.747585654258728027e-01
5.840029859606011797e+01,-2.672560491010508077e+00,3.056546270686652189e+00,4.472293808705651408e+00,5.783207264093438482e+01,-7.360662843436459823e+00,3.761983753451178636e+00,2.928962780055974768e+00,5.785206452540035826e+01,-6.902112199316645658e+00,3.760341610668839873e+00,3.169055986361692501e+00,5.713326406531999879e+01,-6.139866151109927728e+00,3.055000000000000160e+00,4.400999999999999801e+00,5.356999874114990234e+00,-9.712708592414855957e-01
5.731024584203793637e+01,-4.719969429924162796e+00,3.110380237331765940e+00,4.403227629613585492e+00,5.822809868646724141e+01,-6.585206600680476363e+00,3.760341610668839873e+00,3.169055986361692501e+00,5.812445388973449667e+01,-6.378037868838446478e+00,3.701354973307148022e+00,3.285941936695822907e+00,5.742770338075286674e+01,-5.712452687508233318e+00,3.217000000000000082e+00,4.491999999999999993e+00,5.525000095367431641e+00,-9.557970166206359863e-01
5.649749732055304463e+01,-7.398929872070491243e+00,3.157079269951311495e+00,4.369866046255900471e+00,5.849458938706521138e+01,-6.049443675168864054e+00,3.701354973307148022e+00,3.285941936695822907e+00,5.830376319495992021e+01,-6.120505002646302373e+00,3.602975539935174609e+00,3.269469661437152119e+00,5.772819471412512371e+01,-5.289425649794216255e+00,3.233999999999999986e+00,4.479000000000000092e+00,5.525000095367431641e+00,-9.451511502265930176e-01
5.525920200378088509e+01,-4.017578341632045635e+00,3.132591320332818619e+00,4.292489836705963846e+00,5.866406074895343892e+01,-5.793558036502586717e+00,3.602975539935174609e+00,3.269469661437152119e+00,5.835696403323944281e+01,-5.602367466148020725e+00,3.451008537015610500e+00,3.375523295679899505e+00,5.810114049930743363e+01,-4.773332395557567054e+00,3.170999999999999819e+00,4.336999999999999744e+00,5.373000144958496094e+00,-9.403593540191650391e-01
5.934399747916734214e+01,-4.169214167564470053e+00,3.338758736464165100e+00,4.512034813425180424e+00,5.870206488694100244e+01,-5.264815136580030419e+00,3.451008537015610500e+00,3.375523295679899505e+00,5.875195119489816165e+01,-5.126717183644759146e+00,3.472738205404199086e+00,3.458357039032353697e+00,5.840879392623299537e+01,-4.352671422147823321e+00,3.188000000000000167e+00,4.323999999999999844e+00,5.373000144958496094e+00,-9.337470531463623047e-01
5.564885115638557522e+01,-6.117805995991902002e+00,3.208622865193557328e+00,4.268529130578328612e+00,5.909922501543858431e+01,-4.780881479741523776e+00,3.472738205404199086e+00,3.458357039032353697e+00,5.879649854554971711e+01,-4.861794517969394214e+00,3.326061455774430353e+00,3.432956021718090334e+00,5.871509504345409169e+01,-3.940024652344919609e+00,3.194999999999999840e+00,4.251999999999999780e+00,5.317999839782714844e+00,-9.262126684188842773e-01
5.762089872381602618e+01,-2.240912474791638243e+00,3.534421596265882037e+00,4.464246557920078295e+00,5.912910469112716072e+01,-4.518498915797585447e+00,3.326061455774430353e+00,3.432956021718090334e+00,5.900969021622093891e+01,-4.284499963201918504e+00,3.273100890986243350e+00,3.559295437795586103e+00,5.902245283165136414e+01,-3.533751048649709681e+00,3.535000000000000142e+00,4.467999999999999972e+00,5.697000026702880859e+00,-9.011262059211730957e-01
6.067976129076519953e+01,3.830718608179335960e-01,3.569780946539982125e+00,4.202482518776777809e+00,5.933700030531956315e+01,-3.928570419422359628e+00,3.273100890986243350e+00,3.559295437795586103e+00,5.946254186343876569e+01,-3.537792373765807241e+00,3.336861098503660195e+00,3.753371571075392765e+00,5.942176771207341801e+01,-3.033335008356845108e+00,3.544999999999999929e+00,4.107000000000000206e+00,5.426000118255615234e+00,-8.666241168975830078e-01
5.770610570979276588e+01,-6.591527843552307253e-01,3.607577767946557934e+00,3.856727252307028397e+00,5.979622797328913464e+01,-3.162455216658267787e+00,3.336861098503660195e+00,3.753371571075392765e+00,5.963002024799310163e+01,-2.946341653748143941e+00,3.262845318943393913e+00,3.856747602621426463e+00,5.976470899635612710e+01,-2.636575498672208084e+00,3.662999999999999812e+00,4.001999999999999780e+00,5.426000118255615234e+00,-8.187645673751831055e-01
5.770610570979276588e+01,-6.591527843552307253e-01,3.964851441557487810e+00,4.238675252372298807e+00,5.995630477988743934e+01,-2.560666893486001072e+00,3.262845318943393913e+00,3.856747602621426463e+00,5.979373802937868021e+01,-2.384408142138186637e+00,3.197302823557917506e+00,3.945723774448435250e+00,5.976470899635612710e+01,-2.636575498672208084e+00,3.959999999999999964e+00,4.043000000000000149e+00,5.658999919891357422e+00,-8.187645673751831055e-01
6.238139307503356434e+01,-5.247838654034686634e+00,3.912372403836272827e+00,3.716201983970096823e+00,6.011346831173447214e+01,-1.989835764693343112e+00,3.197302823557917506e+00,3.945723774448435250e+00,6.033404017402987307e+01,-2.274891909841141757e+00,3.312364491813714729e+00,3.807909165920158934e+00,6.051832532928573016e+01,-1.894941486966140509e+00,4.049000000000000377e+00,3.547000000000000153e+00,5.381999969482421875e+00,-7.596886157989501953e-01
6.361506748272628187e+01,-1.799021639432977437e+00,4.457872449870496467e+00,2.963441238967300606e+00,6.066527662321124126e+01,-1.894100993249125953e+00,3.312364491813714729e+00,3.807909165920158934e+00,6.096075553554218374e+01,-1.919721225576373813e+00,3.469441482229347340e+00,3.782611908857092864e+00,6.100819540063072566e+01,-1.511767902825289056e+00,4.410000000000000142e+00,3.164000000000000146e+00,5.427999973297119141e+00,-5.866854786872863770e-01
6.179556322101677068e+01,-1.605397844614756542e-01,4.736405021940478299e+00,2.507060166006596535e+00,6.130769968376511514e+01,-1.541460034690664394e+00,3.469441482229347340e+00,3.782611908857092864e+00,6.139953293836992998e+01,-1.475377608694356635e+00,3.532536034817264969e+00,3.793736797515556702e+00,6.144220304554805523e+01,-1.236304202145668940e+00,4.772999999999999687e+00,2.634999999999999787e+00,5.453000068664550781e+00,-4.868252873420715332e-01
6.102288913733016074e+01,-1.362505920876789789e+00,4.884003219551619424e+00,2.585186415786996594e+00,6.175278654185165550e+01,-1.096003928942800965e+00,3.532536034817264969e+00,3.793736797515556702e+00,6.174486307165365417e+01,-1.166762014072388220e+00,3.549984789005245389e+00,3.741480833458543653e+00,6.190639448230460573e+01,-9.993732353681010760e-01,4.966000000000000192e+00,2.198999999999999844e+00,5.431000232696533203e+00,-4.868252873420715332e-01
6.102288913733016074e+01,-1.362505920876789789e+00,5.079697762112430404e+00,2.175625633823561333e+00,6.209986155055418067e+01,-7.926139307265338552e-01,3.549984789005245389e+00,3.741480833458543653e+00,6.206965331576366651e+01,-9.033116798779368128e-01,3.559734217216016461e+00,3.664819926531456495e+00,6.190639448230460573e+01,-9.993732353681010760e-01,5.036999999999999922e+00,2.032000000000000028e+00,5.431000232696533203e+00,-4.046609699726104736e-01
6.409117853648577068e+01,1.312840721610853745e+00,5.093087442443390067e+00,1.871346463628633439e+00,6.242562673748526691e+01,-5.368296872247910745e-01,3.559734217216016461e+00,3.664819926531456495e+00,6.262781456345709330e+01,-4.517025518039421428e-01,3.678963544192585644e+00,3.676795348076490999e+00,6.298178052909356950e+01,-5.779554629518880438e-01,5.278999999999999915e+00,1.758000000000000007e+00,5.565000057220458984e+00,-3.521163463592529297e-01
6.262476187974084496e+01,2.257250628941292803e+00,5.137247498213695529e+00,1.563837239933133727e+00,6.299571091787635169e+01,-8.402301699629299847e-02,3.678963544192585644e+00,3.676795348076490999e+00,6.302244419917327178e+01,2.999655742863378827e-02,3.714404282281042136e+00,3.697367873369727054e+00,6.349334859904151784e+01,-4.317440173622436594e-01,5.408000000000000362e+00,1.233000000000000096e+00,5.546999931335449219e+00,-2.954991161823272705e-01
6.262476187974084496e+01,2.257250628941292803e+00,5.240572527681831794e+00,1.076521510084655242e+00,6.339388462740137697e+01,3.997333447656065131e-01,3.714404282281042136e+00,3.697367873369727054e+00,6.338960532802993697e+01,4.525345990055382739e-01,3.736306705485156421e+00,3.681156611549816216e+00,6.349334859904151784e+01,-4.317440173622436594e-01,5.432000000000000384e+00,8.539999999999999813e-01,5.499000072479248047e+00,-2.026021927595138550e-01
6.707906484605464925e+01,-8.591097974284316319e-01,5.463555935925831442e+00,1.634423774829959486e-01,6.376323599857845181e+01,8.206502601605198954e-01,3.736306705485156421e+00,3.681156611549816216e+00,6.411290903086064930e+01,5.381354492259727840e-01,3.928017549667710995e+00,3.493007737261872414e+00,6.401387167036232029e+01,-3.379203457623533580e-01,5.464999999999999858e+00,-2.409999999999999920e-01,5.469999790191650391e+00,-2.990609966218471527e-02
6.523289328837974210e+01,6.327514864682421969e-01,5.307632291269735347e+00,-5.778952015181840762e-01,6.450571078582741791e+01,8.874362229521600698e-01,3.928017549667710995e+00,3.493007737261872414e+00,6.462230260553613448e+01,7.035463800490329156e-01,4.004534994832893879e+00,3.342626788972580254e+00,6.464319562952914566e+01,-3.304122470671401746e-01,5.477000000000000313e+00,-7.039999999999999591e-01,5.521999835968017578e+00,1.084528192877769470e-01
6.531067109139677029e+01,-1.394676634110409541e+00,5.348437657293080072e+00,-6.680667532245946338e-01,6.502275610501942538e+01,1.037809058946290941e+00,4.004534994832893879e+00,3.342626788972580254e+00,6.510072454377534257e+01,6.718927150418460004e-01,4.062307098628461510e+00,3.107482886773182518e+00,6.516425657288048967e+01,-3.902688706730155777e-01,5.482999999999999652e+00,-6.530000000000000249e-01,5.521999835968017578e+00,1.242651641368865967e-01
6.692290544582742484e+01,3.361829182652521286e+00,5.545440585242183751e+00,-4.540772608787891906e-01,6.550695525363818206e+01,9.826410037191642965e-01,4.062307098628461510e+00,3.107482886773182518e+00,6.568600309967885664e+01,1.042110293182261893e+00,4.169854031494049984e+00,3.079668867636111695e+00,6.568797063870570696e+01,-4.516924397757446363e-01,5.419999999999999929e+00,-3.180000000000000049e-01,5.428999900817871094e+00,8.170071989297866821e-02
7.073969602643509802e+01,2.950022481085274428e+00,5.586676578236295043e+00,6.010504699311341320e-02,6.610298850282826777e+01,1.350077179945873063e+00,4.169854031494049984e+00,3.079668867636111695e+00,6.655214241371996309e+01,1.365167598974175167e+00,4.403540244376883628e+00,3.039453101616322428e+00,6.620957326949287847e+01,-4.880077618152426910e-01,5.490000000000000213e+00,2.929999999999999827e-01,5.498000144958496094e+00,-1.075822580605745316e-02
6.616281110101655827e+01,-1.080965783131688229e-01,5.718340775361181016e+00,6.915066258254423115e-01,6.699249643815764443e+01,1.669112909135807454e+00,4.403540244376883628e+00,3.039453101616322428e+00,6.697466038379707243e+01,1.424988518760011313e+00,4.415747073157486824e+00,2.887712211634060555e+00,6.683780241072540207e+01,-4.737520591673272108e-01,5.477999999999999758e+00,6.610000000000000320e-01,5.518000125885009766e+00,-1.203434988856315613e-01
6.974684596119578828e+01,8.751980882474387213e-01,5.136975647292883806e+00,1.263163012253320838e+00,6.741623509111282431e+01,1.713759739923417458e+00,4.415747073157486824e+00,2.887712211634060555e+00,6.764236111370874482e+01,1.577969331017478272e+00,4.533520418382088302e+00,2.798316694107417124e+00,6.735989332273406660e+01,-3.980709693112419179e-01,5.126000000000000334e+00,1.399000000000000021e+00,5.314000129699707031e+00,-2.411125898361206055e-01
6.889315652889001740e+01,7.115287102500270633e-01,4.937091778310301216e+00,1.840512519743006781e+00,6.809571315554696014e+01,1.857801000428219940e+00,4.533520418382088302e+00,2.798316694107417124e+00,6.817933659110896372e+01,1.722537659845446267e+00,4.579218773414483579e+00,2.719618226486428814e+00,6.785762739213461714e+01,-2.631713228652783343e-01,5.019000000000000128e+00,1.745999999999999996e+00,5.589000225067138672e+00,-3.568342328071594238e-01
6.889099776784858875e+01,-2.479220398282561799e+00,4.992591065909068426e+00,2.630111189539937833e+00,6.863725846845041190e+01,1.994499482494089149e+00,4.579218773414483579e+00,2.719618226486428814e+00,6.867522907457407655e+01,1.612073136327826450e+00,4.603575252779877225e+00,2.538151446991696591e+00,6.834448385300048301e+01,-6.920553012040783769e-02,4.993000000000000327e+00,2.505999999999999783e+00,5.585999965667724609e+00,-4.848592579364776611e-01
6.889099776784858875e+01,-2.479220398282561799e+00,4.909425153318070834e+00,2.586299149978461109e+00,6.913558659985206134e+01,1.865888281026996109e+00,4.603575252779877225e+00,2.538151446991696591e+00,6.912706893072841297e+01,1.499842185832289232e+00,4.604357859623481097e+00,2.366554503418606181e+00,6.891009092383238510e+01,2.341826331876256662e-01,4.847000000000000419e+00,2.777000000000000135e+00,5.585999965667724609e+00,-4.848592579364776611e-01
6.980180102591141633e+01,8.874287824673671166e-01,4.415816568606457437e+00,3.223143359492483206e+00,6.958750471669075921e+01,1.736497636174149761e+00,4.604357859623481097e+00,2.366554503418606181e+00,6.959813458564666178e+01,1.698749505553471151e+00,4.606408174075625084e+00,2.362204947258890630e+00,6.936275434527541961e+01,5.309607901271804486e-01,4.370000000000000107e+00,3.258000000000000007e+00,5.451000213623046875e+00,-6.305182576179504395e-01
7.415832233460935186e+01,-1.309800782024564292e+00,4.435202033885184747e+00,3.237292981133927938e+00,7.005877540305422713e+01,1.934970000279360169e+00,4.606408174075625084e+00,2.362204947258890630e+00,7.039911928787250872e+01,1.695079265640222266e+00,4.763974816292586567e+00,2.262967181444706988e+00,6.978465795589056597e+01,8.446918343695341003e-01,4.285999999999999588e+00,3.367999999999999883e+00,5.451000213623046875e+00,-6.305182576179504395e-01
7.415832233460935186e+01,-1.309800782024564292e+00,4.083237788257789269e+00,3.298358823025595132e+00,7.087551676950177182e+01,1.921375983784693098e+00,4.763974816292586567e+00,2.262967181444706988e+00,7.112637797115237959e+01,1.689028352916051912e+00,4.871423755105451114e+00,2.169793253818942169e+00,6.978465795589056597e+01,8.446918343695341003e-01,4.128999999999999559e+00,3.371999999999999886e+00,5.330999851226806641e+00,-6.794670224189758301e-01
7.067731786527716054e+01,3.001963457927502077e+00,4.382680102765693420e+00,3.688102628177814868e+00,7.161352034666292354e+01,1.906007678297946040e+00,4.871423755105451114e+00,2.169793253818942169e+00,7.151474995157225578e+01,2.059359360377625237e+00,4.817258732653521669e+00,2.265792498402219302e+00,7.065875959442914223e+01,1.567288003332254043e+00,4.187999999999999723e+00,3.613999999999999879e+00,5.532000064849853516e+00,-7.123500704765319824e-01
7.096278878363838771e+01,2.112461440006046853e+00,4.357928603783629562e+00,3.732706969642838768e+00,7.199647582483760289e+01,2.285938610217847167e+00,4.817258732653521669e+00,2.265792498402219302e+00,7.189062276614410507e+01,2.329738944878284812e+00,4.760219816940181481e+00,2.309404450254977093e+00,7.105990743654319886e+01,1.913114271258691046e+00,4.192000000000000171e+00,3.608999999999999986e+00,5.532000064849853516e+00,-7.082742452621459961e-01
6.830732178737058291e+01,8.585896109343084115e-01,4.497673975223294818e+00,3.852403405581527274e+00,7.236664474783812295e+01,2.560679389903782521e+00,4.760219816940181481e+00,2.309404450254977093e+00,7.201241194997759010e+01,2.478062795426143161e+00,4.589316094156817627e+00,2.294685801527947877e+00,7.145490598680240169e+01,2.251666985149952005e+00,4.261999999999999567e+00,3.660000000000000142e+00,5.618000030517578125e+00,-7.082742452621459961e-01
7.272608697466802141e+01,1.169397435371619887e+00,4.310328199232061230e+00,3.722109317326401712e+00,7.247134355939327577e+01,2.707531375578938082e+00,4.589316094156817627e+00,2.294685801527947877e+00,7.248179225708278750e+01,2.634190979101239893e+00,4.589863672576637299e+00,2.282523579065785402e+00,7.194217634267617711e+01,2.673493585425546826e+00,4.171000000000000263e+00,3.658999999999999808e+00,5.548999786376953125e+00,-7.122982144355773926e-01
7.272608697466802141e+01,1.169397435371619887e+00,4.284369135940608864e+00,3.770149543668554148e+00,7.294077862434045301e+01,2.862443337007818389e+00,4.589863672576637299e+00,2.282523579065785402e+00,7.291041625406636228e+01,2.778384699704229188e+00,4.570780107888768207e+00,2.266258172906876034e+00,7.194217634267617711e+01,2.673493585425546826e+00,4.152999999999999581e+00,3.680000000000000160e+00,5.548999786376953125e+00,-7.216423153877258301e-01
7.452287459393386371e+01,2.897389761060727320e+00,4.032324877956306786e+00,3.590203182415046435e+00,7.336749426485523884e+01,3.005010516994916614e+00,4.570780107888768207e+00,2.266258172906876034e+00,7.344386756585437581e+01,3.048687190815988934e+00,4.598301811736835276e+00,2.307571356361494797e+00,7.273402929337676426e+01,3.375645599969339994e+00,4.012999999999999901e+00,3.568999999999999950e+00,5.369999885559082031e+00,-7.274610996246337891e-01
7.452287459393386371e+01,2.897389761060727320e+00,3.973514473546162495e+00,3.546471627411095007e+00,7.390369774702806183e+01,3.279444326452138458e+00,4.598301811736835276e+00,2.307571356361494797e+00,7.393122022967307316e+01,3.296489502448592734e+00,4.601469331244341987e+00,2.335012417742631463e+00,7.273402929337676426e+01,3.375645599969339994e+00,4.003999999999999559e+00,3.579000000000000181e+00,5.369999885559082031e+00,-7.286713719367980957e-01
7.559438276290373437e+01,2.511450610796015503e+00,4.150950922102116358e+00,3.875647857557362741e+00,7.439136716279750772e+01,3.529990744222855970e+00,4.601469331244341987e+00,2.335012417742631463e+00,7.447528082485412426e+01,3.505166371159277539e+00,4.633919487191936248e+00,2.347467989135173294e+00,7.312600469622023525e+01,3.726559123610902802e+00,4.128000000000000114e+00,3.910000000000000142e+00,5.685999870300292969e+00,-7.511127591133117676e-01
7.262757188106311901e+01,4.065914950965451524e+00,3.959860691972032942e+00,3.901536167950002465e+00,7.493867277357331602e+01,3.739913170072795001e+00,4.633919487191936248e+00,2.347467989135173294e+00,7.471607978741987210e+01,3.829487063038097272e+00,4.518548879761766557e+00,2.413998084163063496e+00,7.360226964955481321e+01,4.174868307262004308e+00,3.842000000000000082e+00,3.810999999999999943e+00,5.412000179290771484e+00,-7.779791951179504395e-01
7.417461095801731119e+01,6.768427096052914038e+00,3.959860691972032942e+00,3.901536167950002465e+00,7.516793467539605444e+01,4.070886871454403533e+00,4.518548879761766557e+00,2.413998084163063496e+00,7.506153801790821944e+01,4.358641912563784082e+00,4.459696924622565284e+00,2.572798435988865595e+00,7.398227071822665835e+01,4.550348005624049286e+00,3.842000000000000082e+00,3.810999999999999943e+00,5.412000179290771484e+00,-7.779791951179504395e-01
7.431958778609951821e+01,7.687585316212008912e+00,4.132213707636159583e+00,4.068563431584147239e+00,7.550750771037047571e+01,4.615921756162670420e+00,4.459696924622565284e+00,2.572798435988865595e+00,7.539385064638727840e+01,4.935687502887593503e+00,4.401049757357347048e+00,2.746799841483709592e+00,7.435835790710432036e+01,4.924009047290572205e+00,4.016000000000000014e+00,3.931999999999999940e+00,5.619999885559082031e+00,-7.776368260383605957e-01
7.660865938667392072e+01,5.912612460099874845e+00,3.872279998719047267e+00,3.721973482391300436e+00,7.583395562212301400e+01,5.210367487035964196e+00,4.401049757357347048e+00,2.746799841483709592e+00,7.587847748917469914e+01,5.308720918562853441e+00,4.413726113592302269e+00,2.808391616234007238e+00,7.474375295691446297e+01,5.301260671215197284e+00,3.799999999999999822e+00,3.641000000000000014e+00,5.262000083923339844e+00,-7.656086087226867676e-01
7.410289096857185598e+01,5.628359316947492808e+00,3.919060107341947763e+00,3.714965532142820770e+00,7.631985010053392671e+01,5.589560080186254609e+00,4.413726113592302269e+00,2.808391616234007238e+00,7.611238256685557246e+01,5.628994226788586630e+00,4.308288621740475222e+00,2.841166398016404138e+00,7.519537496584922565e+01,5.734640322227249953e+00,3.944999999999999840e+00,3.729999999999999982e+00,5.428999900817871094e+00,-7.586696743965148926e-01
7.498263901514718555e+01,5.543781242064291348e+00,3.919060107341947763e+00,3.714965532142820770e+00,7.654321142902962549e+01,5.913110866590226777e+00,4.308288621740475222e+00,2.841166398016404138e+00,7.639553424366283707e+01,5.916675732868780457e+00,4.232655562270134730e+00,2.856538628619101683e+00,7.557006979036165717e+01,6.089477739262231459e+00,3.944999999999999840e+00,3.729999999999999982e+00,5.428999900817871094e+00,-7.586696743965148926e-01
7.729774868513732144e+01,6.685117832312960751e+00,3.946590097212336445e+00,3.768723018455512275e+00,7.681879979988984530e+01,6.202329595730690315e+00,4.232655562270134730e+00,2.856538628619101683e+00,7.684795314934800103e+01,6.279586701061910858e+00,4.241899242799708425e+00,2.907210139120444126e+00,7.594986867960369636e+01,6.448943338447505447e+00,3.935999999999999943e+00,3.775999999999999801e+00,5.454999923706054688e+00,-7.623484730720520020e-01
7.691184335955550466e+01,6.901997640132358391e+00,3.875417251038828503e+00,3.885779742755381960e+00,7.727214307362797285e+01,6.570307714973955271e+00,4.241899242799708425e+00,2.907210139120444126e+00,7.722701807757385950e+01,6.637416068309350159e+00,4.214908985063954283e+00,2.954143500776731379e+00,7.632714605341678293e+01,6.811447343799176934e+00,3.892999999999999794e+00,3.821000000000000174e+00,5.454999923706054688e+00,-7.867333292961120605e-01
7.529829323344414149e+01,3.820144377533258861e+00,3.665895363328612433e+00,3.811057112503624111e+00,7.764850897608025093e+01,6.932830418387023741e+00,4.214908985063954283e+00,2.954143500776731379e+00,7.742758955537480858e+01,6.703400611081571370e+00,4.102286012916505520e+00,2.859546404927593155e+00,7.677332830502119521e+01,7.259762963931746249e+00,3.847999999999999865e+00,3.975000000000000089e+00,5.532000064849853516e+00,-8.048102855682373047e-01
7.581114316053430002e+01,5.963952027072672024e+00,3.730732134468500938e+00,3.897135170229688583e+00,7.783781815666645798e+01,6.989355251574330907e+00,4.102286012916505520e+00,2.859546404927593155e+00,7.765137378464820017e+01,6.943891359607207825e+00,4.008676550546925732e+00,2.854400446800561930e+00,7.714747381286383643e+01,7.649661740802432774e+00,3.875000000000000000e+00,4.049000000000000377e+00,5.604000091552734375e+00,-8.072098493576049805e-01
7.626919412658995157e+01,9.015631340177558073e+00,3.761850434983216473e+00,3.929641450231201816e+00,7.805224143970289674e+01,7.229331404287264284e+00,4.008676550546925732e+00,2.854400446800561930e+00,7.789140205375615267e+01,7.423478181279755894e+00,3.929077772622983300e+00,2.962664377969540741e+00,7.752020406785106843e+01,8.037770471875315792e+00,3.895000000000000018e+00,4.030000000000000249e+00,5.506000041961669922e+00,-8.072098493576049805e-01
7.779220867170025144e+01,7.728989979935295018e+00,3.846706605276112967e+00,3.933808675800318344e+00,7.828430983101844731e+01,7.719744619076710279e+00,3.929077772622983300e+00,2.962664377969540741e+00,7.823935175911078943e+01,7.759250651171530677e+00,3.906618547775345007e+00,2.996484920261033302e+00,7.796355962757330360e+01,8.491240225534676611e+00,3.845000000000000195e+00,3.923000000000000043e+00,5.493000030517578125e+00,-7.965925931930541992e-01
7.730556476122947629e+01,1.189058037718373662e+01,3.858610938163764548e+00,3.976657063655751667e+00,7.863001361388832322e+01,8.058899143197633563e+00,3.906618547775345007e+00,2.996484920261033302e+00,7.851593830359730930e+01,8.422468475691742285e+00,3.852154247277761900e+00,3.183030983461135222e+00,7.833083868059092936e+01,8.867393216867387906e+00,3.874000000000000110e+00,3.987999999999999989e+00,5.559999942779541016e+00,-8.004630208015441895e-01
7.838281163635856785e+01,7.432731352125049540e+00,3.747849780532700237e+00,3.877895354487626900e+00,7.890115372832508456e+01,8.740771574037855984e+00,3.852154247277761900e+00,3.183030983461135222e+00,7.885309887951045482e+01,8.657706862806882953e+00,3.827893188870274965e+00,3.154809815945331941e+00,7.870135259660239058e+01,9.249780377882299121e+00,3.858000000000000096e+00,3.991999999999999993e+00,5.552000045776367188e+00,-8.024500012397766113e-01
8.129735589052893374e+01,9.180393688112502559e+00,3.872940138661354226e+00,4.007326187387592498e+00,7.923588819839747543e+01,8.973187844401415703e+00,3.827893188870274965e+00,3.154809815945331941e+00,7.941225996328302017e+01,9.024728046995701192e+00,3.911643153369189552e+00,3.192437528960122783e+00,7.907113790579275303e+01,9.631714544662882460e+00,3.867999999999999883e+00,3.983000000000000096e+00,5.552000045776367188e+00,-8.024500012397766113e-01
7.979289689660791396e+01,1.145046015783412940e+01,3.874720339048142836e+00,3.963760051639259263e+00,7.980342427861994281e+01,9.343971799891713559e+00,3.911643153369189552e+00,3.192437528960122783e+00,7.980106051818634683e+01,9.553115416913836810e+00,3.909951550092122474e+00,3.302999815845884868e+00,7.951572179819683583e+01,1.008684416777048654e+01,3.854000000000000092e+00,3.936999999999999833e+00,5.508999824523925781e+00,-7.967569828033447266e-01
7.925376021923781877e+01,1.129282661427272139e+01,4.097007382589072044e+00,4.188366497913512454e+00,8.019205567319555428e+01,9.883415398498424764e+00,3.909951550092122474e+00,3.302999815845884868e+00,8.012005464061101634e+01,1.003807433404406702e+01,3.878981564310003183e+00,3.389695426949668633e+00,7.988478994441703662e+01,1.046520682363673060e+01,3.858000000000000096e+00,3.974000000000000199e+00,5.539000034332275391e+00,-7.964242696762084961e-01
8.134530735078898545e+01,1.501851864781322377e+01,3.937003369877464909e+00,4.056650352870770249e+00,8.050795279704202301e+01,1.037704387673903383e+01,3.878981564310003183e+00,3.389695426949668633e+00,8.058117778539927656e+01,1.079670152787255333e+01,3.914368574705496595e+00,3.597741896028948450e+00,8.025449895890285745e+01,1.084674330670316955e+01,3.853000000000000203e+00,3.979000000000000092e+00,5.539000034332275391e+00,-8.003647923469543457e-01
7.909636175668386215e+01,8.935535393405581672e+00,3.892446337236241671e+00,4.031585114797804792e+00,8.097261464286982857e+01,1.115647571747544831e+01,3.914368574705496595e+00,3.597741896028948450e+00,8.081284987771232409e+01,1.098569410720872241e+01,3.838800354867659692e+00,3.524128953709376955e+00,8.062291097681288932e+01,1.122884722759481235e+01,3.798999999999999932e+00,3.948999999999999844e+00,5.480000019073486328e+00,-8.029554486274719238e-01
7.909636175668386215e+01,8.935535393405581672e+00,3.876759662206568091e+00,4.030037047821665830e+00,8.119672991319909272e+01,1.133810700257965998e+01,3.838800354867659692e+00,3.524128953709376955e+00,8.102037362313259905e+01,1.115481742163783885e+01,3.756358507574217853e+00,3.445756041607465736e+00,8.062291097681288932e+01,1.122884722759481235e+01,3.866000000000000103e+00,4.001999999999999780e+00,5.564000129699707031e+00,-8.047812581062316895e-01
8.072580352431933193e+01,1.336392470360480722e+01,3.832210523664717261e+00,3.970199981308293768e+00,8.139600947389001817e+01,1.149939302579858591e+01,3.756358507574217853e+00,3.445756041607465736e+00,8.134227752084206031e+01,1.167820256421037506e+01,3.732247723839474673e+00,3.538166683610169727e+00,8.106197500256512001e+01,1.168441458708531933e+01,3.865000000000000213e+00,4.001999999999999780e+00,5.564000129699707031e+00,-8.030818104743957520e-01
8.173696979895528614e+01,1.423575063717000511e+01,3.627555764280955053e+00,3.757734516309032546e+00,8.171550229322600956e+01,1.203201923257139150e+01,3.732247723839474673e+00,3.538166683610169727e+00,8.171314581817297551e+01,1.222739740099765271e+01,3.729497508017543872e+00,3.633600745578196456e+00,8.142700719888283345e+01,1.206242724406694933e+01,3.712000000000000188e+00,3.846000000000000085e+00,5.344999790191650391e+00,-8.030230998992919922e-01
8.379622459435050530e+01,1.106158145457798803e+01,3.699767080577923473e+00,3.836746373710211433e+00,8.208609556897472714e+01,1.259075747555547231e+01,3.729497508017543872e+00,3.633600745578196456e+00,8.222973253863128207e+01,1.246935922801174712e+01,3.796662539530155200e+00,3.579624409449020828e+00,8.178326559089332193e+01,1.243165274641241247e+01,3.709000000000000075e+00,3.834999999999999964e+00,5.335000038146972656e+00,-8.035715818405151367e-01
8.059069943501714306e+01,1.134590347739905880e+01,3.741083556082454464e+00,3.796471126337721103e+00,8.260939879258430096e+01,1.282732166895664960e+01,3.796662539530155200e+00,3.579624409449020828e+00,8.243622891713187073e+01,1.271051411021008626e+01,3.714255120611659855e+00,3.528024298999397956e+00,8.213787603447106278e+01,1.279894515105952912e+01,3.709000000000000075e+00,3.834999999999999964e+00,5.335000038146972656e+00,-7.927462458610534668e-01
8.429313421300317088e+01,1.347788423976005312e+01,4.001401544090077422e+00,3.879060991107275314e+00,8.280765442919303609e+01,1.306331654011002641e+01,3.714255120611659855e+00,3.528024298999397956e+00,8.294490200073011010e+01,1.311242136463154395e+01,3.783377656365227715e+00,3.556646393963696084e+00,8.257709646267271353e+01,1.324205561683874599e+01,4.001999999999999780e+00,3.842999999999999972e+00,5.548999786376953125e+00,-7.698748707771301270e-01
8.108144044908475223e+01,1.327701585636728687e+01,4.009664107990338344e+00,3.719214062001318322e+00,8.332323976636662621e+01,1.346808600402791356e+01,3.783377656365227715e+00,3.556646393963696084e+00,8.314241566020409380e+01,1.345838738097285336e+01,3.701783519082965324e+00,3.554627508172830463e+00,8.295991277701087085e+01,1.360970850973894741e+01,4.078000000000000291e+00,3.717000000000000082e+00,5.518000125885009766e+00,-7.478359937667846680e-01
8.617742037825208001e+01,1.381246199414045250e+01,4.015631610642654614e+00,3.530596702120962771e+00,8.351259401211238753e+01,1.381385013179013654e+01,3.701783519082965324e+00,3.554627508172830463e+00,8.375077934898052945e+01,1.381277438078220499e+01,3.818850693821982389e+00,3.553744396364863611e+00,8.334921789199820807e+01,1.396762534189372573e+01,4.128000000000000114e+00,3.661000000000000032e+00,5.518000125885009766e+00,-7.212113142013549805e-01
8.434378129257254386e+01,1.187411399807456114e+01,4.310025932166973384e+00,3.789432103740524305e+00,8.413266441836272236e+01,1.416814882041869161e+01,3.818850693821982389e+00,3.553744396364863611e+00,8.417012782959810124e+01,1.398327600836880791e+01,3.844187649646537697e+00,3.470391272051888354e+00,8.375257253693973780e+01,1.432301684370761841e+01,4.277999999999999581e+00,3.726999999999999869e+00,5.673999786376953125e+00,-7.212113142013549805e-01
8.453482195802389754e+01,1.285743530732052164e+01,4.370506437208440786e+00,3.820562326324624447e+00,8.455454659456275124e+01,1.433031513557399705e+01,3.844187649646537697e+00,3.470391272051888354e+00,8.457386247392338419e+01,1.421954677961196545e+01,3.861530656707397480e+00,3.423724088302623869e+00,8.423546743411669979e+01,1.474524851787541735e+01,4.259000000000000341e+00,3.701999999999999957e+00,5.643000125885009766e+00,-7.183592915534973145e-01
8.609097862306784066e+01,1.612854763059500485e+01,4.333394580864350587e+00,3.676707957367027380e+00,8.496001553959412433e+01,1.456191918844222855e+01,3.861530656707397480e+00,3.423724088302623869e+00,8.507460619713600636e+01,1.470467665499535137e+01,3.922880062588303574e+00,3.494905560530761957e+00,8.464374685363651452e+01,1.509976740801327644e+01,4.290000000000000036e+00,3.665999999999999925e+00,5.643000125885009766e+00,-7.035987973213195801e-01
8.609097862306784066e+01,1.612854763059500485e+01,4.073375598565644573e+00,3.456092492182816223e+00,8.546689420339482979e+01,1.505416721104842814e+01,3.922880062588303574e+00,3.494905560530761957e+00,8.552574565826026287e+01,1.514360359438395420e+01,3.952948546623704651e+00,3.536408102191490599e+00,8.464374685363651452e+01,1.509976740801327644e+01,4.278999999999999915e+00,3.620000000000000107e+00,5.604000091552734375e+00,-7.035987973213195801e-01
8.910551095062287175e+01,1.275464674024972034e+01,3.921459235723522507e+00,3.443852062606282072e+00,8.592104051292263023e+01,1.549724440460310326e+01,3.952948546623704651e+00,3.536408102191490599e+00,8.618946208506619655e+01,1.526129672471916265e+01,4.078840395777470818e+00,3.423862494291511016e+00,8.551712560688530118e+01,1.586149283450822978e+01,3.978000000000000203e+00,3.672000000000000153e+00,5.414000034332275391e+00,-7.206433415412902832e-01
8.530663389018620535e+01,1.744432982035462132e+01,3.866739166586175003e+00,4.023024653932414374e+00,8.659734612464394843e+01,1.560368297414831318e+01,4.078840395777470818e+00,3.423862494291511016e+00,8.647958478797023929e+01,1.578344911313211263e+01,4.020068953030649261e+00,3.517894493367202280e+00,8.586316061096864871e+01,1.625354071682595603e+01,3.266000000000000014e+00,4.391000000000000014e+00,5.472000122070312500e+00,-8.052042126655578613e-01
8.452264177800719835e+01,1.518029983984576248e+01,2.360696675480273399e+00,3.516011566710696368e+00,8.688159168327329951e+01,1.613523856246883170e+01,4.020068953030649261e+00,3.517894493367202280e+00,8.661565853388256642e+01,1.605429441132095647e+01,3.868850464330895189e+00,3.479752722240983864e+00,8.586316061096864871e+01,1.625354071682595603e+01,2.532000000000000028e+00,3.440999999999999837e+00,4.271999835968017578e+00,-9.795148372650146484e-01
8.743267309670282827e+01,1.562124856531564454e+01,5.565932324119230445e-01,3.783291478453622569e-01,8.700254358031565971e+01,1.640226968354505388e+01,3.868850464330895189e+00,3.479752722240983864e+00,8.690689728330821140e+01,1.621246369750544503e+01,3.771907774153160808e+00,3.341779356191856731e+00,8.627977895742361625e+01,1.667908545530813313e+01,6.510000000000000231e-01,1.670000000000000095e-01,6.719999909400939941e-01,-5.969871282577514648e-01
8.508680450982481602e+01,1.755602057961004192e+01,-5.312541957897738421e-01,-1.216305785857262622e-01,8.728408806072353343e+01,1.654664163312462932e+01,3.771907774153160808e+00,3.341779356191856731e+00,8.692642804171377691e+01,1.649402211331763013e+01,3.536067919616634914e+00,3.262726882899367187e+00,8.629872274423195222e+01,1.668482275941881099e+01,-5.150000000000000133e-01,-1.150000000000000050e-01,-5.279999971389770508e-01,-2.250707894563674927e-01
8.508680450982481602e+01,1.755602057961004192e+01,4.338945424853190569e-01,1.032062726819452381e-01,8.728003483367544391e+01,1.682029480160756663e+01,3.536067919616634914e+00,3.262726882899367187e+00,8.697060588615650545e+01,1.675661812135691164e+01,3.341758761231234054e+00,3.183230580954117706e+00,8.629872274423195222e+01,1.668482275941881099e+01,4.500000000000000111e-01,1.069999999999999979e-01,4.620000123977661133e-01,-2.335208058357238770e-01
8.617742252402339886e+01,1.327944942479143542e+01,5.915623065818823578e-01,8.039303979564678404e-02,8.730478176227963161e+01,1.707494117945232404e+01,3.341758761231234054e+00,3.183230580954117706e+00,8.709965081576594059e+01,1.662979809533302600e+01,3.202073941547332048e+00,2.925010500299389360e+00,8.632089757941713515e+01,1.668945952483841921e+01,6.059999999999999831e-01,6.800000000000000488e-02,6.100000143051147461e-01,-1.350720524787902832e-01
8.883607244568639771e+01,1.653348850347696697e+01,6.058005207020698002e-01,1.554788185404754400e-02,8.741985820992067602e+01,1.692229914536296320e+01,3.202073941547332048e+00,2.925010500299389360e+00,8.743626748907767876e+01,1.677336172686004900e+01,3.169112743342884286e+00,2.809288264889648001e+00,8.639498662968297538e+01,1.669375868813506614e+01,5.919999999999999707e-01,-1.000000000000000021e-02,5.920000076293945312e-01,-2.565938606858253479e-02
8.558446973638574207e+01,1.523912855192630644e+01,6.035042651610685871e-01,-6.505070197987337932e-02,8.775317876341196666e+01,1.705429055334901278e+01,3.169112743342884286e+00,2.809288264889648001e+00,8.746722121618647350e+01,1.678596295008743411e+01,2.994263775861192300e+00,2.637902029367389378e+00,8.639498662968297538e+01,1.669375868813506614e+01,6.710000000000000409e-01,-5.700000000000000205e-02,6.729999780654907227e-01,1.073737516999244690e-01
8.628858301064234126e+01,1.814696105514197200e+01,3.654261826681670100e-01,-7.962232507767438849e-02,8.776664759377258918e+01,1.704975315302417371e+01,2.994263775861192300e+00,2.637902029367389378e+00,8.753665615673263289e+01,1.703431263222069703e+01,2.844775356527562860e+00,2.588044285586775572e+00,8.644519186088257356e+01,1.668788214691020499e+01,3.649999999999999911e-01,-1.000000000000000056e-01,3.790000081062316895e-01,2.145358175039291382e-01
8.739807683279397565e+01,1.518603678680547908e+01,4.408007289628544934e-01,-1.315094103967255901e-01,8.782113369238538780e+01,1.729311706077937316e+01,2.844775356527562860e+00,2.588044285586775572e+00,8.768945179150476577e+01,1.700624018915958757e+01,2.745099564828826555e+00,2.410349908032051403e+00,8.647358465260487037e+01,1.668142195760614754e+01,4.380000000000000004e-01,-1.360000000000000098e-01,4.589999914169311523e-01,2.899350821971893311e-01
8.739807683279397565e+01,1.518603678680547908e+01,4.408007289628544934e-01,-1.315094103967255901e-01,8.796396174798765344e+01,1.724727517996279147e+01,2.745099564828826555e+00,2.410349908032051403e+00,8.782415888001082749e+01,1.697136575924441360e+01,2.643162112166153932e+00,2.240604249325635511e+00,8.647358465260487037e+01,1.668142195760614754e+01,4.380000000000000004e-01,-1.360000000000000098e-01,4.589999914169311523e-01,2.899350821971893311e-01
8.739807683279397565e+01,1.518603678680547908e+01,4.408007289628544934e-01,-1.315094103967255901e-01,8.808847509122743702e+01,1.719542618417697710e+01,2.643162112166153932e+00,2.240604249325635511e+00,8.794219241994890979e+01,1.693067598283621678e+01,2.539771178194128343e+00,2.078773034773191863e+00,8.647358465260487037e+01,1.668142195760614754e+01,4.380000000000000004e-01,-1.360000000000000098e-01,4.589999914169311523e-01,2.899350821971893311e-01
