0.000000000000000000e+00,0.000000000000000000e+00,0.000000000000000000e+00,0.000000000000000000e+00,0.000000000000000000e+00,0.000000000000000000e+00,0.000000000000000000e+00,0.000000000000000000e+00,0.000000000000000000e+00,0.000000000000000000e+00,0.000000000000000000e+00,0.000000000000000000e+00,-1.443316101757131431e+00,-1.143543957887429130e+00,0.000000000000000000e+00,0.000000000000000000e+00,0.000000000000000000e+00,-6.433386006392538548e-04
2.960441947193702905e+00,-1.351458965993783012e+00,0.000000000000000000e+00,-0.000000000000000000e+00,0.000000000000000000e+00,0.000000000000000000e+00,0.000000000000000000e+00,0.000000000000000000e+00,2.688905748460940770e-01,-1.165363399466086969e-01,4.706689389856822531e-02,-3.604726611944170100e-02,-1.443316101757131431e+00,-1.143543957887429130e+00,0.000000000000000000e+00,0.000000000000000000e+00,0.000000000000000000e+00,2.328347181901335716e-04
2.312756658309473856e+00,1.156217956680802628e+00,3.969999529315613174e-01,2.216059749506436448e-04,2.735972642359508766e-01,-1.201410665585528614e-01,4.706689389856822531e-02,-3.604726611944170100e-02,4.787640989090419241e-01,-1.386583969105892322e-02,1.249215558611416754e-01,1.958656499185671557e-02,-1.428732514389390307e+00,-1.143542385646781012e+00,4.000000000000000222e-01,0.000000000000000000e+00,4.000000059604644775e-01,-5.582014564424753189e-04
2.312756658309473856e+00,1.156217956680802628e+00,2.932999630792963330e+00,1.637204835698810894e-03,4.912562544951560861e-01,-1.190718319187325167e-02,1.249215558611416754e-01,1.958656499185671557e-02,7.621647697571615199e-01,8.005351647809007265e-02,3.628244963216781804e-01,6.943601020167909643e-02,-1.428732514389390307e+00,-1.143542385646781012e+00,2.799999999999999822e+00,-3.000000000000000062e-03,2.799999952316284180e+00,-5.582014564424753189e-04
1.034612536875064936e+00,-3.695356664751703768e+00,5.129929865046667814e+00,-2.684685952039339574e-02,7.984472193893293879e-01,8.699711749825797535e-02,3.628244963216781804e-01,6.943601020167909643e-02,9.865273301551740204e-01,-2.127241540336936299e-01,6.486932317889191335e-01,-1.347709260005425236e-01,-1.192984222604081657e+00,-1.143774804223373520e+00,4.000000000000000000e+00,-3.300000000000000155e-02,4.000000000000000000e+00,5.233329720795154572e-03
-4.788442997443815852e-01,6.342386747203683228e-01,5.270298630572934684e+00,-1.687567786302639483e-01,1.051396653334065956e+00,-2.262012466337478822e-01,6.486932317889191335e-01,-1.347709260005425236e-01,1.050997804404456559e+00,-1.621274916480049400e-01,8.357859700727163776e-01,-9.515872627715089849e-02,-6.720339055100882364e-01,-1.152125762366652983e+00,5.461000000000000298e+00,-1.960000000000000075e-01,5.464000225067138672e+00,3.200940787792205811e-02
-2.135587095857012674e+00,-2.863954910702971812e+00,5.264869091025495607e+00,-2.541524920504449336e-01,1.134576401411728108e+00,-1.716433642757200229e-01,8.357859700727163776e-01,-9.515872627715089849e-02,9.319391118553933540e-01,-3.849227437921377559e-01,9.219738906161942804e-01,-2.681349967319525684e-01,-5.101263481124967275e-02,-1.177040465959093618e+00,5.309999999999999609e+00,-2.620000000000000107e-01,5.315999984741210938e+00,4.823583364486694336e-02
3.715406775999107847e+00,-1.419999704889252090e+00,5.362367204982372293e+00,-2.862109883182217263e-01,1.024136500917012693e+00,-4.117362434653329961e-01,9.219738906161942804e-01,-2.681349967319525684e-01,1.501861123387976393e+00,-4.885645358351811129e-01,1.238245318894651614e+00,-3.274631159102528444e-01,4.637693173429835447e-01,-1.202889160726053897e+00,5.493000000000000327e+00,-2.859999999999999765e-01,5.500000000000000000e+00,5.332340300083160400e-02
-1.022018789786107940e+00,-1.343435080490210876e+00,5.486053195244397607e+00,-3.467444728605554860e-01,1.625685655277441466e+00,-5.213108474262063696e-01,1.238245318894651614e+00,-3.274631159102528444e-01,1.480416980288372208e+00,-5.838121288922201169e-01,1.312033664527803456e+00,-3.773560494618086181e-01,1.097611785314159372e+00,-1.239617371276088953e+00,5.541999999999999815e+00,-3.430000000000000271e-01,5.552999973297119141e+00,6.312076002359390259e-02
-1.022018789786107940e+00,-1.343435080490210876e+00,5.644736474134673720e+00,-3.567740055559894263e-01,1.611620346741152510e+00,-6.215477338384010064e-01,1.312033664527803456e+00,-3.773560494618086181e-01,1.467866542228827953e+00,-6.739103503491520319e-01,1.379431512326181775e+00,-4.155910909222276794e-01,1.097611785314159372e+00,-1.239617371276088953e+00,5.463000000000000078e+00,-3.679999999999999938e-01,5.474999904632568359e+00,6.312076002359390259e-02
2.610426724139193411e+00,1.251764772974375939e+00,5.462084153575709422e+00,-3.758465843715476096e-01,1.605809693461446086e+00,-7.154694594413748554e-01,1.379431512326181775e+00,-4.155910909222276794e-01,1.875670765001970608e+00,-5.676545250042658308e-01,1.576039593977889952e+00,-2.949401007413484654e-01,1.728124022502066204e+00,-1.280665160958742055e+00,5.588000000000000078e+00,-4.010000000000000231e-01,5.602000236511230469e+00,6.870181113481521606e-02
1.635814011594663997e+00,-7.947214560766684421e-01,5.209898310232419227e+00,-4.465440118240196488e-01,2.033274724399759759e+00,-5.971485350784007107e-01,1.576039593977889952e+00,-2.949401007413484654e-01,2.120012759206896025e+00,-6.208398534790880996e-01,1.691612048895721365e+00,-3.308854419882515940e-01,2.367848754409624945e+00,-1.328078538937372155e+00,5.104000000000000092e+00,-4.799999999999999822e-01,5.125999927520751953e+00,8.550173044204711914e-02
4.335989714176831988e+00,-4.029029072499957564e+00,5.505146934088687161e+00,-5.643689816525029324e-01,2.289173964096468339e+00,-6.539283976779132201e-01,1.691612048895721365e+00,-3.308854419882515940e-01,2.667461769163712582e+00,-9.160847870812032223e-01,1.903396748828886098e+00,-5.665507770381872366e-01,2.971089720916690879e+00,-1.385123433363519396e+00,5.544999999999999929e+00,-5.799999999999999600e-01,5.574999809265136719e+00,1.021597161889076233e-01
4.589281678560330313e+00,2.342877938297479368e+00,5.636730299709324932e+00,-5.945570085841641594e-01,2.857801444046601080e+00,-9.727398647850219460e-01,1.903396748828886098e+00,-5.665507770381872366e-01,3.193896587968275025e+00,-7.312534438619275878e-01,2.093213452300925148e+00,-3.757449606030581757e-01,3.501599669970321571e+00,-1.440498517639647202e+00,5.517000000000000348e+00,-5.819999999999999618e-01,5.546999931335449219e+00,1.050904691219329834e-01
5.652942776788239421e+00,3.177690344278887857e-01,5.599990850024430422e+00,-5.506630987089713436e-01,3.403217933198367628e+00,-7.688279399222334165e-01,2.093213452300925148e+00,-3.757449606030581757e-01,3.790010918552466190e+00,-6.998704835733149388e-01,2.289558644396989084e+00,-3.396479164512300475e-01,4.132703185403112656e+00,-1.505186573349816204e+00,5.445999999999999730e+00,-5.360000000000000320e-01,5.472000122070312500e+00,9.801774471998214722e-02
4.516162038429171410e+00,-4.566461162431775023e+00,5.703474976717164857e+00,-5.610112100700818116e-01,4.018966782992165143e+00,-7.338352752184379435e-01,2.289558644396989084e+00,-3.396479164512300475e-01,4.194527717229307839e+00,-1.027587857517435532e+00,2.411883093347590101e+00,-6.018995787394789687e-01,4.774522185389831641e+00,-1.568415002251120960e+00,5.719000000000000306e+00,-5.649999999999999467e-01,5.747000217437744141e+00,9.804765135049819946e-02
6.884929299633473221e+00,-2.659934089052951478e+00,5.327080268287198273e+00,-5.158704748688958119e-01,4.435716026564066716e+00,-1.087777815391383518e+00,2.411883093347590101e+00,-6.018995787394789687e-01,4.821570443083997404e+00,-1.197416404478611529e+00,2.587910992909778329e+00,-6.812515768641955738e-01,5.417344451715009335e+00,-1.631508992283775772e+00,5.527000000000000135e+00,-5.430000000000000382e-01,5.552999973297119141e+00,9.653823077678680420e-02
6.884929299633473221e+00,-2.659934089052951478e+00,5.579905882088023183e+00,-5.297882226449187604e-01,5.080361542374975059e+00,-1.265541562165030998e+00,2.587910992909778329e+00,-6.812515768641955738e-01,5.391396004546960441e+00,-1.358127717750835295e+00,2.738691752306618099e+00,-7.396763115477466011e-01,5.417344451715009335e+00,-1.631508992283775772e+00,5.581000000000000405e+00,-5.290000000000000258e-01,5.605999946594238281e+00,9.466195851564407349e-02
2.819482922977974759e+00,-1.278454050999032088e+00,5.445510062523778672e+00,-5.170279138005688946e-01,5.665265179777621896e+00,-1.432095348905609855e+00,2.738691752306618099e+00,-7.396763115477466011e-01,5.420746010669676984e+00,-1.407327899891486878e+00,2.711112987973788524e+00,-6.948801482514005423e-01,5.950898528183611980e+00,-1.682335779762836214e+00,5.474000000000000199e+00,-5.370000000000000329e-01,5.500000000000000000e+00,9.466195851564407349e-02
7.172315180944725199e+00,-5.560922481208678825e-01,5.517160603961945853e+00,-5.648494599474083167e-01,5.691857309467056147e+00,-1.476815914716626876e+00,2.711112987973788524e+00,-6.948801482514005423e-01,5.955711682419290831e+00,-1.401745727957327325e+00,2.839151243868211161e+00,-6.193632715460010152e-01,6.581815124231131797e+00,-1.743243800157847634e+00,5.543000000000000149e+00,-6.280000000000000027e-01,5.578000068664550781e+00,1.020249873399734497e-01
9.642598748530796016e+00,-4.981576966008161023e+00,5.535119320201198789e+00,-6.572128976380793297e-01,6.239626806806112036e+00,-1.463682055111927394e+00,2.839151243868211161e+00,-6.193632715460010152e-01,6.723205105278745819e+00,-1.722456383249130640e+00,3.029373457864465546e+00,-8.344626448889275183e-01,7.218974471431991446e+00,-1.812847659710988824e+00,5.528999999999999915e+00,-6.710000000000000409e-01,5.570000171661376953e+00,1.181817874312400818e-01
6.724739671035084854e+00,2.472110106233891269e+00,5.502616326723834383e+00,-7.388626862774160253e-01,7.026142451065192418e+00,-1.805902647738023337e+00,3.029373457864465546e+00,-8.344626448889275183e-01,7.068948185242118321e+00,-1.488282265822069572e+00,3.082486539915048507e+00,-5.648563304089395665e-01,7.854075789809158437e+00,-1.892467186509993571e+00,5.517000000000000348e+00,-7.580000000000000071e-01,5.568999767303466797e+00,1.334764361381530762e-01
9.056952655941923780e+00,-1.689139323131979120e+00,5.636349532607310309e+00,-8.221806834024868449e-01,7.377196839233623571e+00,-1.544767898862963618e+00,3.082486539915048507e+00,-5.648563304089395665e-01,7.652621677690121693e+00,-1.570976503162350379e+00,3.204580110387502234e+00,-6.146538782480155394e-01,8.481795669032646146e+00,-1.980986044403846513e+00,5.410999999999999588e+00,-7.850000000000000311e-01,5.467000007629394531e+00,1.448495090007781982e-01
9.056952655941923780e+00,-1.689139323131979120e+00,5.308210293069070218e+00,-7.575931373957467407e-01,7.973079688728871517e+00,-1.632441890987151867e+00,3.204580110387502234e+00,-6.146538782480155394e-01,8.164200443379844074e+00,-1.645288803460578819e+00,3.293572712765339805e+00,-6.409177745629056622e-01,8.481795669032646146e+00,-1.980986044403846513e+00,5.394000000000000128e+00,-7.680000000000000160e-01,5.447999954223632812e+00,1.417636424303054810e-01
1.200161635876754751e+01,-1.723829375369693606e+00,5.273561551799892833e+00,-7.526480340264992686e-01,8.493557714656377655e+00,-1.709380580916869397e+00,3.293572712765339805e+00,-6.409177745629056622e-01,8.962151903034740741e+00,-1.717247184734680410e+00,3.460226721633015590e+00,-6.596702644435591401e-01,9.101748824116052461e+00,-2.069955514231588634e+00,5.227000000000000313e+00,-7.690000000000000169e-01,5.282999992370605469e+00,1.417636424303054810e-01
1.100732922585660134e+01,-2.490612701323524636e+00,5.576669445831551108e+00,-8.428264269031668920e-01,9.308174575198043144e+00,-1.783214211179036335e+00,3.460226721633015590e+00,-6.596702644435591401e-01,9.569763360187954149e+00,-1.845909005297198036e+00,3.567960677140971093e+00,-7.310823975672670061e-01,9.707723021630185301e+00,-2.158085630125598176e+00,5.455000000000000071e+00,-8.729999999999999982e-01,5.525000095367431641e+00,1.499991714954376221e-01
1.059559035313690956e+01,4.155686632320900187e-01,5.554035898136887361e+00,-9.156027231032253244e-01,9.926559427902050814e+00,-1.919017245053924681e+00,3.567960677140971093e+00,-7.310823975672670061e-01,1.006392738180249147e+01,-1.760247158918711197e+00,3.637286009727102698e+00,-6.217380430714997130e-01,1.033549821398235125e+01,-2.256269143158949220e+00,5.485000000000000320e+00,-9.120000000000000329e-01,5.559999942779541016e+00,1.633840799331665039e-01
8.726634621921375512e+00,-8.055727323472637591e-02,5.630506412351031997e+00,-9.554675024984677911e-01,1.042765598277520134e+01,-1.822420963225861223e+00,3.637286009727102698e+00,-6.217380430714997130e-01,1.028976292083395094e+01,-1.715929419564311553e+00,3.627805372093069192e+00,-5.715416823579340111e-01,1.096432817039636554e+01,-2.361629413258589327e+00,5.447000000000000064e+00,-9.290000000000000480e-01,5.526000022888183594e+00,1.680934876203536987e-01
1.078555280003189409e+01,-5.267552599077462983e-01,5.643895942351350392e+00,-9.896154861824433269e-01,1.065254345804325808e+01,-1.773083587800104999e+00,3.627805372093069192e+00,-5.715416823579340111e-01,1.072769318085074808e+01,-1.707830101621051533e+00,3.678902222619968576e+00,-5.643295592341416311e-01,1.158954179344711832e+01,-2.468961165726820006e+00,5.437000000000000277e+00,-9.389999999999999458e-01,5.518000125885009766e+00,1.735780835151672363e-01
1.078555280003189409e+01,-5.267552599077462983e-01,5.845127728571503312e+00,-1.085130811348724356e+00,1.109558340311274449e+01,-1.764263057544465774e+00,3.678902222619968576e+00,-5.643295592341416311e-01,1.112344774095450362e+01,-1.705923635795679072e+00,3.718509595994774930e+00,-5.740876836939018402e-01,1.158954179344711832e+01,-2.468961165726820006e+00,5.594000000000000306e+00,-1.018999999999999906e+00,5.685999870300292969e+00,1.835573464632034302e-01
1.531739747539442220e+01,-5.754123853138506384e+00,5.452310582583784537e+00,-1.025968686127065155e+00,1.149529870055398106e+01,-1.763332404165069311e+00,3.718509595994774930e+00,-5.740876836939018402e-01,1.198854240375316493e+01,-2.081490791888271463e+00,3.882123037248457642e+00,-8.839219094888532968e-01,1.274451386945190556e+01,-2.680662081434801447e+00,5.363999999999999879e+00,-1.012000000000000011e+00,5.458000183105468750e+00,1.859964281320571899e-01
1.531739747539442220e+01,-5.754123853138506384e+00,5.608568147095033929e+00,-1.055371884226438572e+00,1.237675470747801043e+01,-2.169882982837156860e+00,3.882123037248457642e+00,-8.839219094888532968e-01,1.276726982049006764e+01,-2.441323292693606373e+00,4.016195906111285296e+00,-1.124665077175827754e+00,1.274451386945190556e+01,-2.680662081434801447e+00,5.581999999999999851e+00,-1.064000000000000057e+00,5.682000160217285156e+00,1.859964281320571899e-01
1.570215332578458423e+01,-6.735376523307976981e+00,5.409988311875264522e+00,-1.039762247813255547e+00,1.316888941110119582e+01,-2.553789800411188970e+00,4.016195906111285296e+00,-1.124665077175827754e+00,1.350222837362221462e+01,-2.853078555031043795e+00,4.129025420394265566e+00,-1.359911650608633726e+00,1.338241517581575835e+01,-2.800814555746514056e+00,5.375000000000000000e+00,-1.046000000000000041e+00,5.475999832153320312e+00,1.898777484893798828e-01
1.285874056869130300e+01,4.050626303034080000e-01,5.404168154727341467e+00,-1.048805423053006169e+00,1.391513091566164206e+01,-2.989069720091907190e+00,4.129025420394265566e+00,-1.359911650608633726e+00,1.382984362769550479e+01,-2.722959332423374068e+00,4.123544205405379692e+00,-1.108111918094884629e+00,1.399921357643853170e+01,-2.920586631933032251e+00,5.350999999999999979e+00,-1.022000000000000020e+00,5.447000026702880859e+00,1.916904896497726440e-01
1.350956475760824205e+01,-1.651756093835502481e+00,5.292930506927015166e+00,-9.750950314457172974e-01,1.424219804823604285e+01,-2.833770524232862353e+00,4.123544205405379692e+00,-1.108111918094884629e+00,1.419118546457844587e+01,-2.739592522689618725e+00,4.126025014403734481e+00,-1.016470468581791575e+00,1.461597192318885519e+01,-3.037777469418830645e+00,5.416999999999999815e+00,-9.889999999999999902e-01,5.506000041961669922e+00,1.821832060813903809e-01
1.659607613116805425e+01,-2.802235351446433764e+00,5.619035078459767796e+00,-1.015157732905118904e+00,1.460378796601881923e+01,-2.841239569547798105e+00,4.126025014403734481e+00,-1.016470468581791575e+00,1.487662085042817495e+01,-2.838319611929532638e+00,4.222436477708028768e+00,-1.013939082454421881e+00,1.513379418892938588e+01,-3.132429407744327765e+00,5.400999999999999801e+00,-9.759999999999999787e-01,5.488999843597412109e+00,1.787360906600952148e-01
1.390655899107680149e+01,-2.651525000708525592e-01,5.391119219315653410e+00,-9.604205978989494019e-01,1.529886449819897720e+01,-2.939713520174974892e+00,4.222436477708028768e+00,-1.013939082454421881e+00,1.517153094092253340e+01,-2.741717123537530387e+00,4.203818037993936940e+00,-8.462020425188103712e-01,1.575435578842824214e+01,-3.244404838314916883e+00,5.405999999999999694e+00,-9.639999999999999680e-01,5.492000102996826172e+00,1.762991100549697876e-01
1.489825058023652637e+01,-2.037727997172677608e+00,5.604982128869369973e+00,-9.741138592476110691e-01,1.559191274472192745e+01,-2.826337327789411269e+00,4.203818037993936940e+00,-8.462020425188103712e-01,1.555177500006644031e+01,-2.776724567460447712e+00,4.212436121827733082e+00,-8.197517981214974547e-01,1.637576043641083956e+01,-3.353107021727294690e+00,5.411999999999999922e+00,-9.379999999999999449e-01,5.493000030517578125e+00,1.720755398273468018e-01
1.489825058023652637e+01,-2.037727997172677608e+00,5.474931600992280600e+00,-9.515118207941726247e-01,1.597301861224921282e+01,-2.858699747272597236e+00,4.212436121827733082e+00,-8.197517981214974547e-01,1.588490316372054778e+01,-2.806965834003136706e+00,4.205915114281944867e+00,-7.919915279385117968e-01,1.637576043641083956e+01,-3.353107021727294690e+00,5.230999999999999872e+00,-9.160000000000000364e-01,5.310999870300292969e+00,1.720755398273468018e-01
1.750878787072175413e+01,-4.059277222694583465e+00,5.397785783194042786e+00,-9.514562802957956533e-01,1.630549467514874351e+01,-2.886164986796988075e+00,4.205915114281944867e+00,-7.919915279385117968e-01,1.647802795913845486e+01,-2.981306165415273934e+00,4.269762299041068410e+00,-8.873401118042745228e-01,1.698291146809511787e+01,-3.459178017065276833e+00,5.403999999999999915e+00,-9.609999999999999654e-01,5.487999916076660156e+00,1.744756102561950684e-01
1.707752800028507423e+01,-3.401320816420644544e+00,5.247876267580264376e+00,-9.546475057990616575e-01,1.690500418904256108e+01,-3.070040176595701276e+00,4.269762299041068410e+00,-8.873401118042745228e-01,1.695255124715039585e+01,-3.098266609646976644e+00,4.296355415179593962e+00,-9.178328616298083720e-01,1.760410630741395011e+01,-3.569576071001675732e+00,5.419999999999999929e+00,-1.028999999999999915e+00,5.517000198364257812e+00,1.799435466527938843e-01
1.980968117743167767e+01,-2.546307609110050940e+00,5.384429954868351409e+00,-1.050766734720006479e+00,1.738218678866835631e+01,-3.190049895809957459e+00,4.296355415179593962e+00,-9.178328616298083720e-01,1.769268375435502350e+01,-3.151291755379217907e+00,4.396200693361801193e+00,-9.008074967215253803e-01,1.812136590493110333e+01,-3.666375444187648380e+00,5.318999999999999950e+00,-1.050000000000000044e+00,5.421000003814697266e+00,1.927269250154495239e-01
1.733274781722434810e+01,-3.887089231351747998e+00,5.353933251018455408e+00,-1.076066619063077212e+00,1.813230382369120264e+01,-3.241372505051370645e+00,4.396200693361801193e+00,-9.008074967215253803e-01,1.806715060060637512e+01,-3.299078730260427861e+00,4.391692599625004689e+00,-9.672986807207807347e-01,1.874176728736355102e+01,-3.789731786495146970e+00,5.565999999999999837e+00,-1.118000000000000105e+00,5.677000045776367188e+00,1.983436346054077148e-01
1.890222600136136322e+01,-6.506829078818469891e-02,5.535042166345388814e+00,-1.118890237780883590e+00,1.850631986056887612e+01,-3.395808598332505923e+00,4.391692599625004689e+00,-9.672986807207807347e-01,1.858409417794429075e+01,-3.162556692048507756e+00,4.428665051269526032e+00,-7.933493890343771282e-01,1.937411439473440922e+01,-3.916683242737085457e+00,5.432000000000000384e+00,-1.104999999999999982e+00,5.543000221252441406e+00,1.994587928056716919e-01
2.228762137894915440e+01,-2.863959954813297681e+00,5.304331641396936803e+00,-1.103989237070174489e+00,1.902696068307124477e+01,-3.241891630951945658e+00,4.428665051269526032e+00,-7.933493890343771282e-01,1.942715521727612327e+01,-3.233329336341902227e+00,4.549607188144597636e+00,-8.205975201686325216e-01,1.999643743047734645e+01,-4.044495628195329040e+00,5.408000000000000362e+00,-1.120000000000000107e+00,5.522999763488769531e+00,2.052002698183059692e-01
2.228762137894915440e+01,-2.863959954813297681e+00,5.506412899150443074e+00,-1.114154983368613738e+00,1.988211593609058170e+01,-3.315389088358765335e+00,4.549607188144597636e+00,-8.205975201686325216e-01,2.018600572417325978e+01,-3.300433422092501345e+00,4.645374727686039762e+00,-8.407363101303169106e-01,1.999643743047734645e+01,-4.044495628195329040e+00,5.350999999999999979e+00,-1.096000000000000085e+00,5.461999893188476562e+00,1.996423453092575073e-01
1.787750208449667966e+01,-7.512275979450020458e+00,5.408399235606220046e+00,-1.094323123013052790e+00,2.065054319694186447e+01,-3.384507053105533014e+00,4.645374727686039762e+00,-8.407363101303169106e-01,2.035259388258374713e+01,-3.700509563392713197e+00,4.574956797761568161e+00,-1.126997378532748284e+00,2.050944173406825399e+01,-4.150843904670420415e+00,5.424999999999999822e+00,-1.054000000000000048e+00,5.526000022888183594e+00,1.996423453092575073e-01
2.322270452983255851e+01,-5.074106083126982192e+00,5.268039240915943111e+00,-1.031109540158801741e+00,2.081008956235990226e+01,-3.813209301245988225e+00,4.574956797761568161e+00,-1.126997378532748284e+00,2.110728173807311236e+01,-3.899160546278560791e+00,4.665122482297527462e+00,-1.186683681522519684e+00,2.112989175345843407e+01,-4.272862003617212245e+00,5.419999999999999929e+00,-1.080999999999999961e+00,5.526000022888183594e+00,1.932857483625411987e-01
2.425380647209907892e+01,-7.576307581339773556e+00,5.207384764399354715e+00,-1.093702871440733082e+00,2.157379398630286360e+01,-4.017828914430812581e+00,4.665122482297527462e+00,-1.186683681522519684e+00,2.189750255116431887e+01,-4.271237039782995737e+00,4.760345981637466473e+00,-1.383571922524912789e+00,2.175236165550250078e+01,-4.397923753414638703e+00,5.310999999999999943e+00,-1.145000000000000018e+00,5.433000087738037109e+00,2.070201635360717773e-01
2.186940401821084379e+01,-6.876655147328917472e+00,5.212538969669598288e+00,-1.164353616989414864e+00,2.237353714932806525e+01,-4.409594232035487060e+00,4.760345981637466473e+00,-1.383571922524912789e+00,2.232814040931998534e+01,-4.575837260888643065e+00,4.754241393655401993e+00,-1.495293182894613659e+00,2.235738980829780331e+01,-4.529110238475034578e+00,5.190000000000000391e+00,-1.157999999999999918e+00,5.316999912261962891e+00,2.197677046060562134e-01
2.321816891476895961e+01,-8.348266409058933135e+00,5.172146433423363554e+00,-1.096025623353135581e+00,2.280356454868552518e+01,-4.725366579178104764e+00,4.754241393655401993e+00,-1.495293182894613659e+00,2.286295711648565288e+01,-4.964776657650880942e+00,4.776053221184127118e+00,-1.646972517213825427e+00,2.296541440540166690e+01,-4.662407206211588218e+00,5.509000000000000341e+00,-1.179000000000000048e+00,5.633999824523925781e+00,2.088200896978378296e-01
2.442564624603060608e+01,-5.591853247825715023e+00,5.294005538596299409e+00,-1.069722676468000344e+00,2.334056243860406710e+01,-5.129473909372263662e+00,4.776053221184127118e+00,-1.646972517213825427e+00,2.347990369007029443e+01,-5.127917115196951592e+00,4.820868106780925366e+00,-1.582060399380640803e+00,2.348624551315302256e+01,-4.771421001250288008e+00,5.395999999999999908e+00,-1.090999999999999970e+00,5.505000114440917969e+00,1.993784308433532715e-01
2.511490547665437489e+01,-2.840920256244790831e+00,5.334469077808835280e+00,-9.758929895514831809e-01,2.396199050074838865e+01,-5.286123155135015850e+00,4.820868106780925366e+00,-1.582060399380640803e+00,2.410899870540654533e+01,-5.071110409415919840e+00,4.867677552189840995e+00,-1.339478329274928381e+00,2.348624551315302256e+01,-4.771421001250288008e+00,5.416999999999999815e+00,-1.034999999999999920e+00,5.514999866485595703e+00,1.809401512145996094e-01
2.511490547665437489e+01,-2.840920256244790831e+00,5.261677248341557700e+00,-9.625763810872492998e-01,2.459576646062552996e+01,-5.205058242343413077e+00,4.867677552189840995e+00,-1.339478329274928381e+00,2.466649049571728369e+01,-5.009936306399923822e+00,4.892195874487712537e+00,-1.138430888969104382e+00,2.410791528292806873e+01,-4.891564176696735267e+00,5.456999999999999851e+00,-9.419999999999999485e-01,5.538000106811523438e+00,1.809401512145996094e-01
2.500161927954815155e+01,-4.249085532376614793e+00,5.460010656317586530e+00,-8.317511769726577686e-01,2.515571008316605628e+01,-5.123779395296834238e+00,4.892195874487712537e+00,-1.138430888969104382e+00,2.515379876444551854e+01,-5.041383630079125489e+00,4.899436281855239272e+00,-1.037269158948454395e+00,2.473437345097990558e+01,-5.000276849477585550e+00,5.477999999999999758e+00,-7.109999999999999654e-01,5.524000167846679688e+00,1.511728614568710327e-01
2.722031760261443267e+01,-4.820572332747273592e+00,5.374590369073836804e+00,-5.630206585616062132e-01,2.564374239263104371e+01,-5.145110545973970773e+00,4.899436281855239272e+00,-1.037269158948454395e+00,2.583838307902080444e+01,-5.092545523270179508e+00,4.958546071059799942e+00,-9.420177076514298919e-01,2.536272180155506817e+01,-5.084132001640676357e+00,5.475999999999999979e+00,-4.299999999999999933e-01,5.493000030517578125e+00,1.043753251433372498e-01
2.595506212914203203e+01,-1.156659822298197682e+01,5.736631274300549421e+00,-3.450697349034378969e-01,2.633423768612678373e+01,-5.186747294035322753e+00,4.958546071059799942e+00,-9.420177076514298919e-01,2.631227102775550009e+01,-5.614820137276586465e+00,4.963229284946431896e+00,-1.226119577084100243e+00,2.588643109812366916e+01,-5.129880711925530079e+00,5.560999999999999943e+00,-2.819999999999999729e-01,5.567999839782714844e+00,6.007958948612213135e-02
2.528769922330700126e+01,-9.104251669059410190e+00,5.316989618631831505e+00,1.046242586852714172e-02,2.680859395625014230e+01,-5.737432094984996844e+00,4.963229284946431896e+00,-1.226119577084100243e+00,2.664345404425124997e+01,-5.907108531970250098e+00,4.923433202854639035e+00,-1.228487316482000269e+00,2.652180135291026275e+01,-5.152002141725997575e+00,5.466000000000000192e+00,6.199999999999999956e-02,5.466000080108642578e+00,-1.967732328921556473e-03
2.561196827909947515e+01,-8.154115245906590204e+00,5.401473677274799989e+00,2.656050285441191594e-01,2.713579736453671387e+01,-6.029957263618450192e+00,4.923433202854639035e+00,-1.228487316482000269e+00,2.697378129801951729e+01,-6.093447511080984036e+00,4.886184247404254499e+00,-1.115667410894698452e+00,2.714870488675717652e+01,-5.136682794340194036e+00,5.450000000000000178e+00,2.959999999999999853e-01,5.458000183105468750e+00,-4.913312196731567383e-02
2.561196827909947515e+01,-8.154115245906590204e+00,5.412980483337848092e+00,4.659745061321258208e-01,2.746239972275994390e+01,-6.205014252170453659e+00,4.886184247404254499e+00,-1.115667410894698452e+00,2.726416821731072915e+01,-6.250417300089775807e+00,4.839824837802307655e+00,-9.784107758573334923e-01,2.714870488675717652e+01,-5.136682794340194036e+00,5.541999999999999815e+00,3.900000000000000133e-01,5.556000232696533203e+00,-8.587294071912765503e-02
2.686733752507286610e+01,-8.107191846697237025e+00,5.547482786167282853e+00,4.775530891932515676e-01,2.774815070109096027e+01,-6.348258377675509045e+00,4.839824837802307655e+00,-9.784107758573334923e-01,2.766649777912370212e+01,-6.387484252388659023e+00,4.827420712624264532e+00,-8.499603423109891587e-01,2.778195226265479789e+01,-5.097138927243873852e+00,5.450000000000000178e+00,6.959999999999999520e-01,5.493999958038330078e+00,-8.587294071912765503e-02
2.960969817659568193e+01,-5.826567219416850740e+00,5.551852298482557124e+00,8.464006301871731530e-01,2.814923985038612742e+01,-6.472480286619758161e+00,4.827420712624264532e+00,-8.499603423109891587e-01,2.833738762055613591e+01,-6.321949319693737301e+00,4.888095567782753115e+00,-5.398970130136448997e-01,2.841019427851524526e+01,-5.026957319072536734e+00,5.334999999999999964e+00,1.217000000000000082e+00,5.472000122070312500e+00,-1.512888222932815552e-01
3.056457662603380143e+01,-4.836139977693202141e+00,5.374704296211843868e+00,1.351412482827121231e+00,2.882619717733441078e+01,-6.375939020995101458e+00,4.888095567782753115e+00,-5.398970130136448997e-01,2.903969730537301075e+01,-6.148432312101323127e+00,4.952365267911133628e+00,-1.454202619829307319e-01,2.892463052341816976e+01,-4.930076644869743063e+00,5.378999999999999559e+00,1.637000000000000011e+00,5.623000144958496094e+00,-2.463329434394836426e-01
3.048237144958223510e+01,-7.313371165461594048e-01,4.896906522914064475e+00,2.189246634793518886e+00,2.953493383216412482e+01,-6.162974338299616051e+00,4.952365267911133628e+00,-1.454202619829307319e-01,2.964237900138099135e+01,-5.625064154843713915e+00,4.980613551769193847e+00,5.516633248433195913e-01,2.953456914459856364e+01,-4.732747600336178806e+00,4.883000000000000007e+00,2.616999999999999993e+00,5.539999961853027344e+00,-4.204123914241790771e-01
3.141987466868253165e+01,-7.418472812973841535e+00,4.474841476441998367e+00,3.424765881080448438e+00,3.014044035655791021e+01,-5.569897822359381578e+00,4.980613551769193847e+00,5.516633248433195913e-01,3.027356121980665193e+01,-5.529182875302031341e+00,5.009655418371297131e+00,9.016924810314297378e-01,3.008788859864603182e+01,-4.421731518067246292e+00,4.046000000000000263e+00,3.765000000000000124e+00,5.526999950408935547e+00,-6.532453298568725586e-01
2.762617909968869157e+01,-4.224899054419655187e+00,2.973414795815060074e+00,4.376469385404338830e+00,3.077452676164378076e+01,-5.439013627198888479e+00,5.009655418371297131e+00,9.016924810314297378e-01,3.035580828143354637e+01,-5.138602993145151565e+00,4.868919935112048236e+00,1.530332985445977734e+00,3.052979695858834219e+01,-3.987532184892927933e+00,3.250000000000000000e+00,4.200000000000000178e+00,5.309999942779541016e+00,-9.740235805511474609e-01
3.173936808179179536e+01,-4.013731942233237149e+00,1.171166210417788900e+00,5.451618850387460746e+00,3.084270027494475030e+01,-4.985569694600553881e+00,4.868919935112048236e+00,1.530332985445977734e+00,3.084312536193456822e+01,-4.675554499262336350e+00,4.818684250246590750e+00,2.216050240531082682e+00,3.075760734145357489e+01,-3.522882745595206977e+00,1.157999999999999918e+00,5.400999999999999801e+00,5.524000167846679688e+00,-1.359183549880981445e+00
3.313592040613826839e+01,-1.675191805531590639e+00,-1.166862627473928438e+00,3.355926164094491959e+00,3.132499378695922587e+01,-4.453949475209228126e+00,4.818684250246590750e+00,2.216050240531082682e+00,3.136704865210694848e+01,-4.182087334660174349e+00,4.748540122608768677e+00,2.563941220947484556e+00,3.075333106516316661e+01,-2.975257919181871546e+00,-1.157000000000000028e+00,3.329000000000000181e+00,3.523999929428100586e+00,-1.905422568321228027e+00
3.313592040613826839e+01,-1.675191805531590639e+00,-1.590191076159273909e+00,4.573429393265677767e+00,3.184190266436782579e+01,-3.925693212565426027e+00,4.748540122608768677e+00,2.563941220947484556e+00,3.181470639811434609e+01,-3.639231900187196445e+00,4.654910760415705617e+00,3.019637078779538353e+00,3.075333106516316661e+01,-2.975257919181871546e+00,-2.459000000000000075e+00,4.033000000000000362e+00,4.723999977111816406e+00,-1.905422568321228027e+00
3.103583163059687067e+01,-7.431562707592374473e+00,-3.762977113828316789e+00,3.909153428060128999e+00,3.228019747415591922e+01,-3.337268192309242654e+00,4.654910760415705617e+00,3.019637078779538353e+00,3.190330862635953935e+01,-3.581085979566181354e+00,4.438640870580516484e+00,2.918402405158473822e+00,3.049417293091649839e+01,-2.535018250951817542e+00,-4.358999999999999986e+00,3.478000000000000203e+00,5.576000213623046875e+00,-2.337143898010253906e+00
2.929398596335004967e+01,-1.960168884625834496e+00,-4.655452446455505822e+00,3.373094180742341130e+00,3.234717271341759215e+01,-3.289245739050334016e+00,4.438640870580516484e+00,2.918402405158473822e+00,3.174347590022005861e+01,-3.164736851147784691e+00,4.151993048947641540e+00,3.070305798942778885e+00,3.000599372421898536e+01,-2.121401892634487307e+00,-4.647000000000000242e+00,3.366000000000000103e+00,5.737999916076660156e+00,-2.514581441879272461e+00
3.131767129925210469e+01,-2.485708453125809458e-01,-4.302601645194567226e+00,3.538878521206442418e+00,3.215867520511482525e+01,-2.857706271253506625e+00,4.151993048947641540e+00,3.070305798942778885e+00,3.182720007536788742e+01,-2.639153613214777927e+00,3.947504638954797418e+00,3.300612300722520764e+00,2.956923282214667026e+01,-1.796519205574419242e+00,-4.107999999999999652e+00,3.572000000000000064e+00,5.442999839782714844e+00,-2.453283548355102539e+00
2.656591713499499008e+01,-4.384064537507536552e-01,-3.270119611555561967e+00,4.123770949820104725e+00,3.222195053926336783e+01,-2.309092383142525851e+00,3.947504638954797418e+00,3.300612300722520764e+00,3.137101519910150316e+01,-2.122668573305732220e+00,3.619731557273729194e+00,3.543747889159767794e+00,2.912041556887858818e+01,-1.362680302422051959e+00,-3.201999999999999957e+00,4.424000000000000377e+00,5.460999965667724609e+00,-2.241249799728393555e+00
2.652556574370634479e+01,1.723306520595556890e+00,-1.953083814012116504e+00,4.827911507336322572e+00,3.173298835482887625e+01,-1.768293784389755485e+00,3.619731557273729194e+00,3.543747889159767794e+00,3.097933038551789764e+01,-1.435728162983801459e+00,3.340596912491360371e+00,3.957165952798794351e+00,2.879132163590856308e+01,-8.323589729760357825e-01,-1.780999999999999917e+00,5.147000000000000242e+00,5.446000099182128906e+00,-1.955210447311401367e+00
3.003024184748409198e+01,1.701472355336807185e+00,-4.185077458405174755e-01,5.616429018773538395e+00,3.131339007676703545e+01,-1.040011567703921891e+00,3.340596912491360371e+00,3.957165952798794351e+00,3.106145193787804715e+01,-7.391725804076545447e-01,3.221487756329938890e+00,4.386003412805313140e+00,2.863276803496633249e+01,-2.203633056080766817e-01,-9.809999999999999831e-01,5.517000000000000348e+00,5.603000164031982422e+00,-1.645173788070678711e+00
3.003024184748409198e+01,1.701472355336807185e+00,-4.010451434466520415e-01,5.382078596820810468e+00,3.138360071351103997e+01,-3.005722391271232197e-01,3.221487756329938890e+00,4.386003412805313140e+00,3.112738393904661294e+01,-9.403406535500438701e-02,3.103087462232405613e+00,4.664644145067778247e+00,2.863276803496633249e+01,-2.203633056080766817e-01,5.829999999999999627e-01,5.397999999999999687e+00,5.429999828338623047e+00,-1.645173788070678711e+00
2.603095805681360275e+01,1.307510869810742660e-01,1.000301870161964812e+00,5.212893735726586542e+00,3.143769268526985172e+01,3.724303491517734210e-01,3.103087462232405613e+00,4.664644145067778247e+00,3.075746359329279045e+01,3.882861643801620577e-01,2.891002330067119708e+00,4.738047264272337245e+00,2.865777432971367844e+01,4.041132466988400784e-01,1.252000000000000002e+00,5.363000000000000433e+00,5.506999969482421875e+00,-1.381210923194885254e+00
2.842942914369658070e+01,-1.322828338271920146e+00,2.006898314715066522e+00,4.921542925003022262e+00,3.104656382629950073e+01,8.620908908073958710e-01,2.891002330067119708e+00,4.738047264272337245e+00,3.072101330463689806e+01,7.142102354193685665e-01,2.791166870506075703e+00,4.637397064134945346e+00,2.879733216762191006e+01,9.100353255022667343e-01,2.420999999999999819e+00,4.915000000000000036e+00,5.479000091552734375e+00,-1.183602571487426758e+00
2.862223273529201961e+01,3.517480804943850181e+00,2.984710400971072541e+00,4.538516229224669019e+00,3.100012999168750483e+01,1.177949941832863168e+00,2.791166870506075703e+00,4.637397064134945346e+00,3.073200863050827891e+01,1.342250166706993264e+00,2.721484525558447221e+00,4.760797315045907752e+00,2.908300197186681402e+01,1.469588234454646702e+00,3.270000000000000018e+00,4.411999999999999922e+00,5.492000102996826172e+00,-9.890689253807067871e-01
3.097289192691777160e+01,2.884334577374823017e+00,3.593670508086691306e+00,3.960635909766760054e+00,3.100415708306412199e+01,1.818329898211584084e+00,2.721484525558447221e+00,4.760797315045907752e+00,3.102476888964436341e+01,1.847119975995916041e+00,2.738909373809768955e+00,4.696116142890061518e+00,2.946359193336694204e+01,1.970309687993006875e+00,3.829000000000000181e+00,3.895999999999999908e+00,5.462999820709228516e+00,-8.339369893074035645e-01
3.065821218520379787e+01,2.321157089533635975e+00,3.916224004105454348e+00,3.498026556287299638e+00,3.129865982702533955e+01,2.316731590284922149e+00,2.738909373809768955e+00,4.696116142890061518e+00,3.125767522359142347e+01,2.243951853511498840e+00,2.743872176403817420e+00,4.504540279781417134e+00,2.990602529071187021e+01,2.413560582683638600e+00,4.011999999999999567e+00,3.681999999999999940e+00,5.445000171661376953e+00,-7.290533185005187988e-01
3.374358594443723547e+01,3.110364361210952389e+00,4.347679983095572354e+00,3.513656282353572191e+00,3.153206244123180468e+01,2.694405881489640553e+00,2.743872176403817420e+00,4.504540279781417134e+00,3.183092972103863971e+01,2.664231232389158155e+00,2.846293804627349378e+00,4.370634047301751757e+00,3.030479848448640112e+01,2.754102661078070557e+00,4.280000000000000249e+00,3.459000000000000075e+00,5.502999782562255859e+00,-6.797016859054565430e-01
3.374358594443723547e+01,3.110364361210952389e+00,4.240878215568872456e+00,3.213719654265069448e+00,3.211555910150137549e+01,3.101294637119333508e+00,2.846293804627349378e+00,4.370634047301751757e+00,3.234150824629934107e+01,3.031365352781001388e+00,2.926202080502072533e+00,4.185927588216601158e+00,3.030479848448640112e+01,2.754102661078070557e+00,4.338000000000000078e+00,3.375000000000000000e+00,5.497000217437744141e+00,-6.484717726707458496e-01
2.946675014534153902e+01,4.195635511196214473e+00,4.360429451223758690e+00,3.304315077237913734e+00,3.263412845434955045e+01,3.449958111602661415e+00,2.926202080502072533e+00,4.185927588216601158e+00,3.230964245399338353e+01,3.450456449146218851e+00,2.858201707156734717e+00,4.089140662416129501e+00,3.080183780248131242e+01,3.143753721405956991e+00,4.519000000000000128e+00,3.357000000000000206e+00,5.629000186920166016e+00,-6.484717726707458496e-01
2.759379231963898604e+01,3.890054030775311755e+00,4.378565648585456493e+00,3.204627926037182384e+00,3.259546262470905731e+01,3.859370515387831713e+00,2.858201707156734717e+00,4.089140662416129501e+00,3.206240016363923218e+01,3.807635561741915531e+00,2.735123400605020016e+00,3.949337722039165222e+00,3.131861436417094069e+01,3.529019071442115241e+00,4.387999999999999901e+00,3.234999999999999876e+00,5.452000141143798828e+00,-6.318095326423645020e-01
3.051588511510170676e+01,3.248221471251480530e+00,4.353376485590260359e+00,3.280475042372414940e+00,3.233591250369973125e+01,4.202569333945832319e+00,2.735123400605020016e+00,3.949337722039165222e+00,3.217149612650054280e+01,4.092275492914912327e+00,2.712795762697986390e+00,3.785442429523781627e+00,3.182317960299235438e+01,3.901160433177143450e+00,4.373999999999999666e+00,3.338000000000000078e+00,5.501999855041503906e+00,-6.457675099372863770e-01
3.313377028730513985e+01,4.737170173524485328e+00,4.140778264686854726e+00,3.178419917553027219e+00,3.244277570277034073e+01,4.470819735867290312e+00,2.712795762697986390e+00,3.785442429523781627e+00,3.256187743469403273e+01,4.453174092372075954e+00,2.764339644596137013e+00,3.704096797013352038e+00,3.232678425362135499e+01,4.284469796796777530e+00,4.400999999999999801e+00,3.379000000000000004e+00,5.547999858856201172e+00,-6.546639800071716309e-01
3.197951442041919279e+01,4.277099176635466904e+00,4.543020546542470228e+00,3.506719766178084452e+00,3.283831139915364616e+01,4.823583772073410714e+00,2.764339644596137013e+00,3.704096797013352038e+00,3.278889990260906018e+01,4.771752998661171752e+00,2.775208848830518438e+00,3.639969511862370055e+00,3.274903643146517140e+01,4.609608843194121341e+00,4.423000000000000043e+00,3.418000000000000149e+00,5.589000225067138672e+00,-6.573652029037475586e-01
3.200662517605362467e+01,4.487200750925093296e+00,4.198362264079544381e+00,3.215073782853446804e+00,3.306642078749211322e+01,5.135749949847408402e+00,2.775208848830518438e+00,3.639969511862370055e+00,3.298402540577247066e+01,5.062606041685786096e+00,2.772346871085745956e+00,3.533337518500800911e+00,3.324903118683317871e+01,4.995567037628065421e+00,4.301999999999999602e+00,3.278000000000000025e+00,5.408999919891357422e+00,-6.535318493843078613e-01
3.350042718725071467e+01,5.557277648237054279e+00,4.441004298033805142e+00,3.293526935295393976e+00,3.326126009288104513e+01,5.415939793535866187e+00,2.772346871085745956e+00,3.533337518500800911e+00,3.333507361041957040e+01,5.411597989709395762e+00,2.814949979193460461e+00,3.503350299483013686e+00,3.375360977720817601e+01,5.376791669673514740e+00,4.443999999999999950e+00,3.330999999999999961e+00,5.553999900817871094e+00,-6.381147503852844238e-01
3.350042718725071467e+01,5.557277648237054279e+00,4.392007970358760893e+00,3.257190396508488739e+00,3.361656860833891614e+01,5.761933019657696775e+00,2.814949979193460461e+00,3.503350299483013686e+00,3.364697510928783686e+01,5.732013190448741469e+00,2.844601080795774006e+00,3.451755231311117722e+00,3.375360977720817601e+01,5.376791669673514740e+00,4.360999999999999766e+00,3.213999999999999968e+00,5.416999816894531250e+00,-6.381147503852844238e-01
3.111151742955208377e+01,4.202091647613269032e+00,4.351443664446940751e+00,3.226271075309693703e+00,3.393143521736741519e+01,6.077188713579853463e+00,2.844601080795774006e+00,3.451755231311117722e+00,3.364892700754387533e+01,5.926911105773224442e+00,2.788912335328102454e+00,3.304057327156556756e+00,3.425610184698400928e+01,5.747651292953300128e+00,4.394000000000000128e+00,3.283999999999999808e+00,5.486000061035156250e+00,-6.379907727241516113e-01
3.553579753687571952e+01,6.280057115872859974e+00,4.405387865336682474e+00,3.297812056928737245e+00,3.392781824107668598e+01,6.257316838488880428e+00,2.788912335328102454e+00,3.304057327156556756e+00,3.415761187040217806e+01,6.258591424839980988e+00,2.872868217253183420e+00,3.304410676958867477e+00,3.467719674145654807e+01,6.061218454077040185e+00,4.370000000000000107e+00,3.282999999999999918e+00,5.466000080108642578e+00,-6.425955891609191895e-01
3.569693958759557262e+01,7.452661826408682799e+00,4.472311446011689284e+00,3.401704110928460700e+00,3.444489869212749511e+01,6.589032492535867647e+00,2.872868217253183420e+00,3.304410676958867477e+00,3.463328225842918329e+01,6.657846879232388382e+00,2.945424969924166358e+00,3.371386803892300499e+00,3.518047761947310903e+01,6.440168572808842029e+00,4.434999999999999609e+00,3.392999999999999794e+00,5.584000110626220703e+00,-6.502597332000732422e-01
3.971785531990590101e+01,8.995089961761420838e+00,4.357988842093367232e+00,3.355284377245796090e+00,3.492782475542159659e+01,6.994985559621618165e+00,2.945424969924166358e+00,3.371386803892300499e+00,3.551793137903887043e+01,7.139624029364572522e+00,3.123771961977002132e+00,3.487841231677108578e+00,3.568790565463167752e+01,6.828671171515483529e+00,4.307000000000000384e+00,3.333000000000000185e+00,5.446000099182128906e+00,-6.561258435249328613e-01
3.706139180126498189e+01,8.717341258399681436e+00,4.347335285007518202e+00,3.334684081433122671e+00,3.583030857523657176e+01,7.488408152532283424e+00,3.123771961977002132e+00,3.487841231677108578e+00,3.600585060347194855e+01,7.568537746664716792e+00,3.187752592294211595e+00,3.536455397815069457e+00,3.618642249778380204e+01,7.214005662613425685e+00,4.376000000000000334e+00,3.374000000000000110e+00,5.526000022888183594e+00,-6.543328762054443359e-01
3.706139180126498189e+01,8.717341258399681436e+00,4.448103845289893776e+00,3.411980009134266023e+00,3.632462586270136740e+01,7.922183286446223605e+00,3.187752592294211595e+00,3.536455397815069457e+00,3.644433644773016567e+01,7.972481181949877538e+00,3.237177444859392406e+00,3.563846735880337402e+00,3.618642249778380204e+01,7.214005662613425685e+00,4.500000000000000000e+00,3.302000000000000046e+00,5.580999851226806641e+00,-6.543328762054443359e-01
3.788681441565239538e+01,7.296854628640683238e+00,4.203217711290988312e+00,3.039395955463075616e+00,3.676805419221610549e+01,8.328865855537911145e+00,3.237177444859392406e+00,3.563846735880337402e+00,3.692353127666545731e+01,8.221728955710435827e+00,3.292244114547841605e+00,3.418452812245337924e+00,3.710922277039541228e+01,7.895482255844149755e+00,4.266000000000000014e+00,3.080000000000000071e+00,5.262000083923339844e+00,-6.260693669319152832e-01
3.788681441565239538e+01,7.296854628640683238e+00,4.118132313747505435e+00,2.977869707972269353e+00,3.725275568812023863e+01,8.563574236934970330e+00,3.292244114547841605e+00,3.418452812245337924e+00,3.734859740147743423e+01,8.444466220232868636e+00,3.329322707564104089e+00,3.272519595846710594e+00,3.710922277039541228e+01,7.895482255844149755e+00,4.397000000000000242e+00,3.181000000000000050e+00,5.427000045776367188e+00,-6.260693669319152832e-01
3.641421318086015901e+01,5.315076781848038223e+00,4.307192711306660371e+00,3.129387430229916500e+00,3.768152967223384309e+01,8.771718179817540317e+00,3.329322707564104089e+00,3.272519595846710594e+00,3.756290932559340945e+01,8.511318317538604461e+00,3.310635280940994463e+00,3.043885087393370714e+00,3.760864627366645152e+01,8.256783678263577286e+00,4.408999999999999808e+00,3.205000000000000071e+00,5.451000213623046875e+00,-6.283228993415832520e-01
4.045528829125659342e+01,9.767172886499633222e+00,4.564576036110849167e+00,3.293977643353067197e+00,3.789397285368750801e+01,8.815706826277940777e+00,3.310635280940994463e+00,3.043885087393370714e+00,3.822334843167045193e+01,8.900239416655697511e+00,3.416511819300289687e+00,3.140555005683076661e+00,3.811464178574253481e+01,8.624271585535673523e+00,4.556000000000000050e+00,3.229000000000000092e+00,5.584000110626220703e+00,-6.251018643379211426e-01
3.824050578485449847e+01,7.289158298448226603e+00,4.548391944950713750e+00,3.173365210217709009e+00,3.856499961360047735e+01,9.214294917224005843e+00,3.416511819300289687e+00,3.140555005683076661e+00,3.855908791967974736e+01,9.076134035214419526e+00,3.430312753479385357e+00,3.031237421429811452e+00,3.863344562125133308e+01,8.993047907139148478e+00,4.469999999999999751e+00,3.120000000000000107e+00,5.451000213623046875e+00,-6.091735959053039551e-01
3.920666500976690827e+01,9.528771086654755251e+00,4.614063640560750024e+00,3.245195740912238502e+00,3.890211919502768723e+01,9.379257777357400627e+00,3.430312753479385357e+00,3.031237421429811452e+00,3.896999331583823789e+01,9.403198102725715657e+00,3.464716585830395434e+00,3.074394656847702301e+00,3.906018436018667472e+01,9.291219903939165192e+00,4.410999999999999588e+00,3.116000000000000103e+00,5.401000022888183594e+00,-6.129553914070129395e-01
3.783652865890526584e+01,8.698801888407185601e+00,4.312521294096006486e+00,3.092961491599078627e+00,3.931646497442127952e+01,9.710637568410485088e+00,3.464716585830395434e+00,3.074394656847702301e+00,3.916978174731826812e+01,9.638102032618879988e+00,3.436692619735981502e+00,3.017149940790484042e+00,3.956960666196714271e+01,9.653466417681489276e+00,4.459999999999999964e+00,3.198999999999999844e+00,5.487999916076660156e+00,-6.221798062324523926e-01
3.872452867034255064e+01,1.143038876290949446e+01,4.580610603808159986e+00,3.238843619922375350e+00,3.951345100929186316e+01,9.939817026697928881e+00,3.436692619735981502e+00,3.017149940790484042e+00,3.945445882048723973e+01,1.006186734336670874e+01,3.436343305106923207e+00,3.141356548456091247e+00,4.008833205700009472e+01,1.002433986891482753e+01,4.567999999999999616e+00,3.258000000000000007e+00,5.611000061035156250e+00,-6.154597401618957520e-01
3.872452867034255064e+01,1.143038876290949446e+01,4.442620611813151932e+00,3.141274093969959491e+00,3.979809315099792855e+01,1.037600299821231786e+01,3.436343305106923207e+00,3.141356548456091247e+00,3.970254458241743833e+01,1.045276429678702890e+01,3.424263970520653899e+00,3.204093295881127901e+00,4.008833205700009472e+01,1.002433986891482753e+01,4.551000000000000156e+00,3.165000000000000036e+00,5.543000221252441406e+00,-6.154597401618957520e-01
4.317740929140396133e+01,8.499459459674227446e+00,4.757709403594603259e+00,3.282164477342970343e+00,4.004497097946950390e+01,1.077317362637514186e+01,3.424263970520653899e+00,3.204093295881127901e+00,4.044223731490255602e+01,1.061239558716366460e+01,3.549528655674294431e+00,3.081277950592778314e+00,4.061125028209892207e+01,1.039031047984989442e+01,4.636000000000000121e+00,3.180000000000000160e+00,5.620999813079833984e+00,-6.038897037506103516e-01
4.341144001543461428e+01,1.135299970080548526e+01,4.451592030750465945e+00,3.058452163921663303e+00,4.079719018046998258e+01,1.092052338222294239e+01,3.549528655674294431e+00,3.081277950592778314e+00,4.112288871655049149e+01,1.095061782319988986e+01,3.649626709144747405e+00,3.103361146156327077e+00,4.105391252040421790e+01,1.069437999919976789e+01,4.450999999999999623e+00,3.056999999999999940e+00,5.400000095367431641e+00,-6.019795536994934082e-01
3.989677798777535855e+01,8.685151770154075024e+00,4.718398760286367732e+00,3.221037114091010345e+00,4.148785138746496415e+01,1.126095393781552190e+01,3.649626709144747405e+00,3.103361146156327077e+00,4.133451775862597088e+01,1.108059837623365773e+01,3.622814901151164335e+00,2.968909110461412482e+00,4.156494843985293386e+01,1.104493923426309721e+01,4.596000000000000085e+00,3.129000000000000004e+00,5.559999942779541016e+00,-5.989897251129150391e-01
3.924250924623515147e+01,9.661671116035691398e+00,4.548677391670781667e+00,3.097182686472228497e+00,4.169679924874108679e+01,1.137748928727979880e+01,3.622814901151164335e+00,2.968909110461412482e+00,4.144022072641158871e+01,1.126039292499127598e+01,3.566218061918087656e+00,2.887334437998744896e+00,4.200426042122703763e+01,1.134418602124026343e+01,4.562000000000000277e+00,3.100999999999999979e+00,5.515999794006347656e+00,-5.977900624275207520e-01
4.250791349281768561e+01,1.207378108738420686e+01,4.503749038172895069e+00,3.040493507144727658e+00,4.179684253260339943e+01,1.154912636879114984e+01,3.566218061918087656e+00,2.887334437998744896e+00,4.190463877809757065e+01,1.159666980365932076e+01,3.608038206388912261e+00,2.943082333791023686e+00,4.252956378466501519e+01,1.170123882498832302e+01,4.629999999999999893e+00,3.129999999999999893e+00,5.589000225067138672e+00,-5.938202738761901855e-01
4.193346786536333326e+01,1.131202186483245775e+01,4.577271828012168697e+00,3.018587324763642776e+00,4.226544259873646325e+01,1.189097803703842260e+01,3.608038206388912261e+00,2.943082333791023686e+00,4.225415692699661463e+01,1.185343312779599678e+01,3.618177595226937271e+00,2.920716686469471579e+00,4.297112929890997890e+01,1.199711628214031656e+01,4.514999999999999680e+00,2.959999999999999964e+00,5.397999763488769531e+00,-5.830058455467224121e-01
4.378028985898443892e+01,1.700326128238320678e+01,4.893109250799803078e+00,3.127096532008719176e+00,4.261597468651930853e+01,1.214550479644294434e+01,3.618177595226937271e+00,2.920716686469471579e+00,4.278526133397100750e+01,1.251177428396707469e+01,3.681168377946183679e+00,3.242863421049609229e+00,4.297112929890997890e+01,1.199711628214031656e+01,4.647000000000000242e+00,2.990000000000000213e+00,5.526000022888183594e+00,-5.686614513397216797e-01
4.327492541100135526e+01,9.876491977027532343e+00,4.896855115205122289e+00,3.013853012455887104e+00,4.315337817176562396e+01,1.283606062607203491e+01,3.681168377946183679e+00,3.242863421049609229e+00,4.320109118297470019e+01,1.260661108428111987e+01,3.710569514048644102e+00,3.030060434284952642e+00,4.385351884437427117e+01,1.256223030331682367e+01,4.745000000000000107e+00,2.922000000000000153e+00,5.572999954223632812e+00,-5.517147779464721680e-01
4.521090304891620804e+01,1.291490596969026683e+01,4.665108364511195482e+00,2.873361437515745465e+00,4.357214813437956735e+01,1.290961712770961434e+01,3.710569514048644102e+00,3.030060434284952642e+00,4.378710995188653499e+01,1.290044113520178826e+01,3.781519395036558429e+00,3.005284398857581252e+00,4.439306390333396735e+01,1.289306564487144868e+01,4.584999999999999964e+00,2.822000000000000064e+00,5.383999824523925781e+00,-5.520475506782531738e-01
4.444219404476717727e+01,1.252776034018335949e+01,4.587412047023078365e+00,2.845004772834720974e+00,4.416526189139018754e+01,1.320096957508754620e+01,3.781519395036558429e+00,3.005284398857581252e+00,4.421947456383453812e+01,1.314217591493230408e+01,3.807099550913015218e+00,2.939555386953828453e+00,4.483336675176765596e+01,1.316535206071547393e+01,4.637999999999999901e+00,2.871999999999999886e+00,5.455999851226806641e+00,-5.551231503486633301e-01
4.673291027579070089e+01,1.117018671161895682e+01,4.644499822685910218e+00,2.870578654842172117e+00,4.460018451892584324e+01,1.343613145362768613e+01,3.807099550913015218e+00,2.939555386953828453e+00,4.486870784804133905e+01,1.326694688982838954e+01,3.890899668299269809e+00,2.793656974418967653e+00,4.528218114427008345e+01,1.344280834413899939e+01,4.722000000000000419e+00,2.915000000000000036e+00,5.550000190734863281e+00,-5.535930395126342773e-01
4.322597324876511493e+01,1.495054669511724477e+01,4.766935443362943836e+00,2.982357642707092360e+00,4.525779781487126741e+01,1.354631258727028609e+01,3.890899668299269809e+00,2.793656974418967653e+00,4.504842481857443204e+01,1.366006386513807058e+01,3.846354822943316432e+00,2.907442474916904107e+00,4.573325192962071384e+01,1.372346325087407592e+01,4.700999999999999623e+00,2.942000000000000171e+00,5.546000003814697266e+00,-5.590552091598510742e-01
5.039703595670648895e+01,1.487075133487667600e+01,4.670727942838681201e+00,2.858474181399778491e+00,4.543306030086876035e+01,1.395080811262976184e+01,3.846354822943316432e+00,2.907442474916904107e+00,4.602684649050073062e+01,1.401479830556652750e+01,4.017688688362138549e+00,2.954350459489096803e+00,4.626490533356637513e+01,1.405388660585374438e+01,4.610000000000000320e+00,2.821000000000000174e+00,5.405000209808349609e+00,-5.491945743560791016e-01
4.841644787808277783e+01,1.441232223730760431e+01,4.923349767317206194e+00,2.950970084750807132e+00,4.642861535933694483e+01,1.431023335151543741e+01,4.017688688362138549e+00,2.954350459489096803e+00,4.668236848799462280e+01,1.431745984961288798e+01,4.098434207073220925e+00,2.959884834633877748e+00,4.671582257802154459e+01,1.432672329169031933e+01,4.775999999999999801e+00,2.873000000000000220e+00,5.572999954223632812e+00,-5.399653911590576172e-01
4.841644787808277783e+01,1.441232223730760431e+01,4.861445744814102632e+00,2.941338316300610156e+00,4.709221190870194818e+01,1.461344833307627589e+01,4.098434207073220925e+00,2.959884834633877748e+00,4.726568590943616499e+01,1.459767338562712879e+01,4.155591309549770074e+00,2.944945475882509989e+00,4.671582257802154459e+01,1.432672329169031933e+01,4.737000000000000099e+00,2.853000000000000203e+00,5.530000209808349609e+00,-5.441125035285949707e-01
4.785127139150368691e+01,1.298919363247993708e+01,4.931603693463785909e+00,2.983786236814069515e+00,4.768124504039113987e+01,1.489216793321537935e+01,4.155591309549770074e+00,2.944945475882509989e+00,4.772233320091498143e+01,1.475598857300707145e+01,4.177225840308960159e+00,2.837912462160505633e+00,4.717061650758751057e+01,1.459940738866044185e+01,4.883000000000000007e+00,3.001999999999999780e+00,5.731999874114990234e+00,-5.441125035285949707e-01
4.816113710471935860e+01,1.689268906300375761e+01,4.662572317574984915e+00,2.858387461712939448e+00,4.814005578494587922e+01,1.503977981922312246e+01,4.177225840308960159e+00,2.837912462160505633e+00,4.815594806852707421e+01,1.517593328493396854e+01,4.188112628058545006e+00,2.951463636105839061e+00,4.772635400311489207e+01,1.493942947595855841e+01,4.674999999999999822e+00,2.865000000000000213e+00,5.482999801635742188e+00,-5.499594807624816895e-01
4.828539070560837132e+01,1.370748658396498065e+01,4.759071897425172892e+00,2.928647584019684835e+00,4.857475933133292756e+01,1.547107964854455275e+01,4.188112628058545006e+00,2.951463636105839061e+00,4.855732215157820519e+01,1.534128615722189082e+01,4.191176165940418308e+00,2.842853108959172204e+00,4.817369115425057657e+01,1.521381111274524223e+01,4.716999999999999638e+00,2.934000000000000163e+00,5.554999828338623047e+00,-5.516531467437744141e-01
4.966312444283311578e+01,1.884871215996673399e+01,4.618963245845037591e+00,2.913365606743439251e+00,4.897643976817224853e+01,1.562557146811780839e+01,4.191176165940418308e+00,2.842853108959172204e+00,4.906728642952353425e+01,1.586453999888945710e+01,4.221492393848178537e+00,3.045963295671054283e+00,4.862465989642913655e+01,1.549324150282051349e+01,4.599999999999999645e+00,2.939999999999999947e+00,5.459000110626220703e+00,-5.627164244651794434e-01
4.650726449532086093e+01,1.706714255995064988e+01,4.688199726724052496e+00,3.259583371841093591e+00,4.948943566890834944e+01,1.616913632845656323e+01,4.221492393848178537e+00,3.045963295671054283e+00,4.915940425731119490e+01,1.624755130228269806e+01,4.138843348095457841e+00,3.133611636466669292e+00,4.906220948770783963e+01,1.577852745279565383e+01,4.581000000000000405e+00,3.357000000000000206e+00,5.678999900817871094e+00,-6.075471043586730957e-01
4.763049602554649198e+01,1.389971394699021268e+01,4.158179665999272245e+00,3.456181645480529419e+00,4.957328859212073979e+01,1.656091246592936628e+01,4.138843348095457841e+00,3.133611636466669292e+00,4.935038302123775367e+01,1.638684117587005673e+01,4.078997289853592001e+00,3.026885212086728227e+00,4.957765805738355169e+01,1.616271515027086636e+01,4.014999999999999680e+00,3.595000000000000195e+00,5.389999866485595703e+00,-6.934641003608703613e-01
4.908004653501696879e+01,1.425794310766128703e+01,3.728781701248680580e+00,3.787533845747979466e+00,4.975828275022310976e+01,1.668952969707872924e+01,4.078997289853592001e+00,3.026885212086728227e+00,4.967056026357472120e+01,1.655890524238336425e+01,4.050578598164151778e+00,3.003969309822686284e+00,4.996118581316055440e+01,1.650675125334917936e+01,3.543000000000000149e+00,4.365000000000000213e+00,5.622000217437744141e+00,-7.932146191596984863e-01
5.037196573657782750e+01,1.479284377239341097e+01,3.283304245332693050e+00,4.599316741784867268e+00,5.007561812339113771e+01,1.685930217336563430e+01,4.050578598164151778e+00,3.003969309822686284e+00,5.008841049847692517e+01,1.680619099086952417e+01,4.043592439185512255e+00,3.136436143828232215e+00,5.031318414277649964e+01,1.691266937408087045e+01,3.201999999999999957e+00,4.575999999999999623e+00,5.585999965667724609e+00,-9.508236050605773926e-01
5.375086081054246989e+01,1.532508225585298156e+01,3.363837221728133375e+00,4.361497679823219009e+00,5.049276974239547400e+01,1.711983460525234690e+01,4.043592439185512255e+00,3.136436143828232215e+00,5.084862312295742726e+01,1.706391228846368691e+01,4.130306965565297972e+00,3.225782566564910248e+00,5.062383782862760739e+01,1.734821815687434210e+01,3.549999999999999822e+00,4.150999999999999801e+00,5.461999893188476562e+00,-9.138287305831909180e-01
4.771307313464257049e+01,1.844204629840514542e+01,4.013699500573649104e+00,3.621471220912449329e+00,5.126165381951395972e+01,1.738649054512017855e+01,4.130306965565297972e+00,3.225782566564910248e+00,5.085029304336511302e+01,1.748748516823590649e+01,4.017792839429233709e+00,3.351960188530612950e+00,5.104045045433956318e+01,1.781834716927873075e+01,4.405999999999999694e+00,3.375000000000000000e+00,5.550000190734863281e+00,-7.340720295906066895e-01
4.907550132310544200e+01,2.165207977442664955e+01,4.820615541617271127e+00,2.776443237194147873e+00,5.125207232730803497e+01,1.782268118708896765e+01,4.017792839429233709e+00,3.351960188530612950e+00,5.102402038258303207e+01,1.806637158394623555e+01,3.967215290903784553e+00,3.487707921085770213e+00,5.146191537454227927e+01,1.814012069934323534e+01,4.798000000000000043e+00,2.763999999999999790e+00,5.537000179290771484e+00,-5.225494503974914551e-01
5.341627347517076885e+01,1.801439024389456733e+01,5.466068396512058669e+00,1.688768637406615980e+00,5.142074191167341013e+01,1.841514237605481341e+01,3.967215290903784553e+00,3.487707921085770213e+00,5.169184065924594051e+01,1.827620190176202541e+01,4.060706194137067016e+00,3.175809987729024009e+00,5.194430673124152520e+01,1.836309166117699476e+01,5.413000000000000256e+00,1.417000000000000037e+00,5.596000194549560547e+00,-2.996519207954406738e-01
5.124338543450801353e+01,1.867677056655499257e+01,5.596823394448806610e+00,4.756658999937860011e-01,5.209791127865964455e+01,1.859378290053492933e+01,4.060706194137067016e+00,3.175809987729024009e+00,5.204225669257084519e+01,1.843507452394051072e+01,4.066591164633865496e+00,2.748399227532503986e+00,5.246737420569317578e+01,1.847616691743075634e+01,5.602000000000000313e+00,2.800000000000000058e-02,5.603000164031982422e+00,-8.478480577468872070e-02
4.990803444424410173e+01,1.363068409184912610e+01,5.725294125312672122e+00,-8.006058746095321421e-01,5.244891580903423289e+01,1.870991444669376236e+01,4.066591164633865496e+00,2.748399227532503986e+00,5.220271372436709356e+01,1.812356848809261933e+01,4.022760131211972734e+00,1.877847536557680996e+00,5.310937440432215340e+01,1.846808929623570350e+01,5.560999999999999943e+00,-5.889999999999999680e-01,5.592000007629394531e+00,1.389357149600982666e-01
5.562422156353935065e+01,1.536564560131224511e+01,5.241732013371570353e+00,-1.556685193222326458e+00,5.260498973748828888e+01,1.831135324174838885e+01,4.022760131211972734e+00,1.877847536557680996e+00,5.298605873617339768e+01,1.788732657415843263e+01,4.142099063608635667e+00,1.152598194549962152e+00,5.363335168423716937e+01,1.836111755581927696e+01,5.352000000000000313e+00,-1.586999999999999966e+00,5.583000183105468750e+00,2.886830866336822510e-01
5.600286483825578188e+01,1.928025813323845483e+01,5.261598498664453949e+00,-2.253831621223740811e+00,5.340026864253426453e+01,1.800258639361342716e+01,4.142099063608635667e+00,1.152598194549962152e+00,5.373065982438053823e+01,1.788776467867412734e+01,4.246419209437287456e+00,6.831958567982527875e-01,5.414046037233810438e+01,1.818332214555964654e+01,5.153999999999999915e+00,-2.331999999999999851e+00,5.657000064849853516e+00,4.047088623046875000e-01
5.600286483825578188e+01,1.928025813323845483e+01,5.224829850852768409e+00,-2.238081589911269376e+00,5.415530174532426599e+01,1.795608426435395089e+01,4.246419209437287456e+00,6.831958567982527875e-01,5.439494095617249059e+01,1.787424999211424037e+01,4.324348091474804257e+00,2.942440697675113292e-01,5.414046037233810438e+01,1.818332214555964654e+01,4.934999999999999609e+00,-2.560999999999999943e+00,5.559999942779541016e+00,4.047088623046875000e-01
5.538839635271046546e+01,2.027748508672255667e+01,4.700098804490824733e+00,-2.906156823191777594e+00,5.482737576531997092e+01,1.790367439909099190e+01,4.324348091474804257e+00,2.942440697675113292e-01,5.490232574004202348e+01,1.788122986632379252e+01,4.349669820349387983e+00,-7.693390298012653394e-02,5.518406426966414813e+01,1.763379783763524955e+01,4.791999999999999815e+00,-2.902000000000000135e+00,5.603000164031982422e+00,5.537800192832946777e-01
5.538839635271046546e+01,2.027748508672255667e+01,4.738373289455561022e+00,-2.929822635393031671e+00,5.533729272207695971e+01,1.787353647602578022e+01,4.349669820349387983e+00,-7.693390298012653394e-02,5.535395616654810880e+01,1.787448978687137924e+01,4.359450095665916791e+00,-3.906742930268706782e-01,5.518406426966414813e+01,1.763379783763524955e+01,4.620000000000000107e+00,-2.966000000000000192e+00,5.489999771118164062e+00,5.537800192832946777e-01
5.858552205575339400e+01,1.590951402389907798e+01,4.453094894410400961e+00,-3.164539919553091440e+00,5.578990117611470367e+01,1.783542235756869232e+01,4.359450095665916791e+00,-3.906742930268706782e-01,5.611402624402047934e+01,1.752595477695018999e+01,4.448127768356693323e+00,-9.494453961710564993e-01,5.606637704428655411e+01,1.704841728382423938e+01,4.544999999999999929e+00,-3.157999999999999918e+00,5.534999847412109375e+00,6.178301572799682617e-01
5.858552205575339400e+01,1.590951402389907798e+01,4.633240395107962151e+00,-3.292558217344338178e+00,5.655883902085614778e+01,1.743101023733308352e+01,4.448127768356693323e+00,-9.494453961710564993e-01,5.679706604534948156e+01,1.717726912609741774e+01,4.514886119455611357e+00,-1.415176062477279340e+00,5.606637704428655411e+01,1.704841728382423938e+01,4.483999999999999986e+00,-3.334000000000000075e+00,5.587999820709228516e+00,6.178301572799682617e-01
5.564977228666553799e+01,1.835080034963943874e+01,4.431863579383234608e+00,-3.368986974872584916e+00,5.724855465729504544e+01,1.703575151984968983e+01,4.514886119455611357e+00,-1.415176062477279340e+00,5.706237368164320145e+01,1.701228326346121023e+01,4.463551112196603832e+00,-1.649759252936684684e+00,5.658392083668105244e+01,1.666991920692420237e+01,4.253999999999999559e+00,-3.373000000000000220e+00,5.428999900817871094e+00,6.499806642532348633e-01
5.884076809887417880e+01,1.650876399700608488e+01,4.290878284150220878e+00,-3.437494602842555924e+00,5.750872879286286121e+01,1.684730733816754267e+01,4.463551112196603832e+00,-1.649759252936684684e+00,5.765713625168051948e+01,1.671357969232442642e+01,4.501222328107664872e+00,-1.956160952914368423e+00,5.699668824728108518e+01,1.634952087628679607e+01,4.246999999999999886e+00,-3.456999999999999851e+00,5.475999832153320312e+00,6.754215359687805176e-01
5.641379165714154453e+01,1.455565412220926547e+01,4.455747404201860995e+00,-3.686380878545624018e+00,5.810725848449128250e+01,1.651796359703298833e+01,4.501222328107664872e+00,-1.956160952914368423e+00,5.791122966960670482e+01,1.626952425382464540e+01,4.447742428944682302e+00,-2.349988869369535660e+00,5.740330636523795249e+01,1.601888008366055871e+01,4.285999999999999588e+00,-3.580000000000000071e+00,5.584000110626220703e+00,6.911858320236206055e-01
6.040554511562024231e+01,1.617813076019313812e+01,4.321997835636657292e+00,-3.625081155606272532e+00,5.835600391250117269e+01,1.603452536688769214e+01,4.447742428944682302e+00,-2.349988869369535660e+00,5.858823401979380208e+01,1.596718050415362633e+01,4.508655645443495175e+00,-2.545611426297723856e+00,5.781268441730905749e+01,1.567801590168328296e+01,4.301000000000000156e+00,-3.693999999999999950e+00,5.670000076293945312e+00,6.979272365570068359e-01
5.884835475716898401e+01,1.245909733919660489e+01,4.197277617763747415e+00,-3.664702565965809011e+00,5.903909958433815319e+01,1.571261936152385452e+01,4.508655645443495175e+00,-2.545611426297723856e+00,5.900852157002978515e+01,1.540745939765513839e+01,4.496174859639704202e+00,-2.918429110489209943e+00,5.830935800111643630e+01,1.525546951540472307e+01,4.152000000000000135e+00,-3.654999999999999805e+00,5.532000064849853516e+00,7.177609205245971680e-01
5.798670566103822921e+01,1.423375637736940824e+01,3.899069070889043420e+00,-3.497699744297035451e+00,5.945813905599375460e+01,1.511561648660621771e+01,4.496174859639704202e+00,-2.918429110489209943e+00,5.927233950156671227e+01,1.501606673499027522e+01,4.437950621629321191e+00,-3.063664856178835549e+00,5.870375764389678608e+01,1.490655632183608681e+01,3.994000000000000217e+00,-3.604999999999999982e+00,5.380000114440917969e+00,7.311885356903076172e-01
6.094666314162742538e+01,1.510588969239246993e+01,4.175082610198144195e+00,-3.797818031563030328e+00,5.971613456372964635e+01,1.470970024937239096e+01,4.437950621629321191e+00,-3.063664856178835549e+00,5.985036440368249089e+01,1.469375082192216730e+01,4.470571928343586521e+00,-3.157639626435531088e+00,5.908567750511347327e+01,1.456181926858597819e+01,4.040000000000000036e+00,-3.693999999999999950e+00,5.473999977111816406e+00,7.381150722503662109e-01
6.010069388157569392e+01,1.178695888748456966e+01,3.905492158342467324e+00,-3.579934846553191718e+00,6.029742159651684830e+01,1.437798685927861442e+01,4.470571928343586521e+00,-3.157639626435531088e+00,6.025911561992217713e+01,1.416357618704939192e+01,4.452556592402709512e+00,-3.379458497511284687e+00,5.947255265784430378e+01,1.420859165386926826e+01,4.064000000000000057e+00,-3.725000000000000089e+00,5.513000011444091797e+00,7.419334053993225098e-01
5.832577776962146743e+01,1.546148784356462969e+01,4.202825458505584422e+00,-3.813382400203008338e+00,6.070437127916245146e+01,1.382563033729826429e+01,4.452556592402709512e+00,-3.379458497511284687e+00,6.042387768700702111e+01,1.391825564491795753e+01,4.373521707541122794e+00,-3.351583565821007582e+00,5.994024407938713495e+01,1.378104896761460552e+01,4.092999999999999972e+00,-3.717999999999999972e+00,5.530000209808349609e+00,7.368543744087219238e-01
6.013269096685032622e+01,1.151385994155569570e+01,4.019208346746210303e+00,-3.670451133215133499e+00,6.086122985776113126e+01,1.358309728833585694e+01,4.373521707541122794e+00,-3.351583565821007582e+00,6.076760833203690026e+01,1.341298714242154944e+01,4.343456559074177825e+00,-3.525788034180121322e+00,6.032621705588856287e+01,1.342994327734509064e+01,3.931999999999999940e+00,-3.609999999999999876e+00,5.337999820709228516e+00,7.400751709938049316e-01
5.871674287364081835e+01,1.268628774460901631e+01,3.958569073808103411e+00,-3.656644805016362021e+00,6.120195398794432151e+01,1.306040833900353704e+01,4.343456559074177825e+00,-3.525788034180121322e+00,6.090544782377942568e+01,1.302518557847830216e+01,4.258265431369540721e+00,-3.569006086098796882e+00,6.070374619994051102e+01,1.308322067437817360e+01,4.004999999999999893e+00,-3.704000000000000181e+00,5.454999923706054688e+00,7.457714080810546875e-01
6.149531045610809343e+01,1.658134074364044608e+01,4.254007571996480053e+00,-3.939571288946697170e+00,6.133127436691638223e+01,1.266828496986842190e+01,4.258265431369540721e+00,-3.569006086098796882e+00,6.135002213653204706e+01,1.293057138653055738e+01,4.263263068054301996e+00,-3.395462572360720799e+00,6.108713090482166308e+01,1.272839470040825560e+01,4.008000000000000007e+00,-3.714999999999999858e+00,5.465000152587890625e+00,7.470410466194152832e-01
6.188591068992425193e+01,1.534558315457204003e+01,4.014959522390278757e+00,-3.757539331889208523e+00,6.177634844333747566e+01,1.259102512929448459e+01,4.263263068054301996e+00,-3.395462572360720799e+00,6.178205920974627929e+01,1.276948309419952032e+01,4.261425844281285791e+00,-3.289505876293280728e+00,6.154526269440485464e+01,1.230273647461984332e+01,3.938000000000000167e+00,-3.709999999999999964e+00,5.409999847412109375e+00,7.522909045219421387e-01
6.441040051031127689e+01,1.167532591421958443e+01,3.999676829865309369e+00,-3.853504918243067845e+00,6.220820179417440698e+01,1.244053250657019305e+01,4.261425844281285791e+00,-3.289505876293280728e+00,6.245421522835228245e+01,1.235040771315172137e+01,4.324206080099601834e+00,-3.425353887388269403e+00,6.192748010205247766e+01,1.194040126968263849e+01,4.016000000000000014e+00,-3.850000000000000089e+00,5.563000202178955078e+00,7.667872309684753418e-01
6.174534356616624819e+01,1.228028197437275004e+01,3.830927331927671986e+00,-3.785894010964680145e+00,6.288663583636224530e+01,1.200787232441289376e+01,4.324206080099601834e+00,-3.425353887388269403e+00,6.274168712796125646e+01,1.200570705920802084e+01,4.278409897507034820e+00,-3.466871922909612547e+00,6.230408799679011622e+01,1.157334537661390073e+01,3.834000000000000075e+00,-3.789000000000000146e+00,5.390999794006347656e+00,7.794858813285827637e-01
5.963718235555950287e+01,1.481797237576745374e+01,4.068441433814436792e+00,-4.076010706375602588e+00,6.316952811771196252e+01,1.165901986691705972e+01,4.278409897507034820e+00,-3.466871922909612547e+00,6.275744393454814940e+01,1.185184585872137752e+01,4.164430939018947342e+00,-3.376408191884217924e+00,6.274598443516751445e+01,1.113368816595983546e+01,3.850999999999999979e+00,-3.855999999999999872e+00,5.449999809265136719e+00,7.863275408744812012e-01
6.060140407115688532e+01,9.389382078496559814e+00,3.829874057008904487e+00,-3.832334941643495974e+00,6.317388702845004644e+01,1.151420503953295515e+01,4.164430939018947342e+00,-3.376408191884217924e+00,6.286874026587355502e+01,1.133168516548548865e+01,4.077594328540731894e+00,-3.575866788254964401e+00,6.312055337495467455e+01,1.075835056450772065e+01,3.952999999999999847e+00,-3.963000000000000078e+00,5.597000122070312500e+00,7.857193350791931152e-01
6.060140407115688532e+01,9.389382078496559814e+00,3.862521478099488093e+00,-3.843504591186338359e+00,6.327649969872762625e+01,1.097409848665999199e+01,4.077594328540731894e+00,-3.575866788254964401e+00,6.296286688610557292e+01,1.084239050861376086e+01,3.990094470804377291e+00,-3.713032870290899012e+00,6.312055337495467455e+01,1.075835056450772065e+01,3.729000000000000092e+00,-3.710999999999999854e+00,5.260000228881835938e+00,7.829303741455078125e-01
5.914740789007261412e+01,1.185213561241048730e+01,4.052256806382436238e+00,-3.992986006843813218e+00,6.336187633318601087e+01,1.047108722158467131e+01,3.990094470804377291e+00,-3.713032870290899012e+00,6.287889193256059883e+01,1.055455531424734161e+01,3.860697740534952072e+00,-3.675668518731860512e+00,6.348108422785028182e+01,1.039871521121138898e+01,3.971999999999999975e+00,-3.911000000000000032e+00,5.573999881744384766e+00,7.780311107635498047e-01
5.914740789007261412e+01,1.185213561241048730e+01,3.970342493341768364e+00,-3.912269822909852035e+00,6.326496170661409479e+01,1.018698846237415623e+01,3.860697740534952072e+00,-3.675668518731860512e+00,6.279444110340049434e+01,1.029378597357171721e+01,3.735307826558514233e+00,-3.614454983101538232e+00,6.385118615655648000e+01,1.003153724886112386e+01,4.115000000000000213e+00,-3.982000000000000206e+00,5.725999832153320312e+00,7.780311107635498047e-01
6.551013994219439951e+01,9.069760753069507686e+00,4.033142410910632414e+00,-3.800989905770993715e+00,6.316797188605634261e+01,9.932340475261563384e+00,3.735307826558514233e+00,-3.614454983101538232e+00,6.344561095892782276e+01,9.858157400142697924e+00,3.814227213909371805e+00,-3.695658075877430004e+00,6.432198655636786100e+01,9.574981881701139841e+00,4.003000000000000114e+00,-3.693000000000000060e+00,5.447000026702880859e+00,7.557733654975891113e-01
6.585205674207072946e+01,8.890152289243578920e+00,3.854832506693157690e+00,-3.541961708324580460e+00,6.382703368031876323e+01,9.488591592554953991e+00,3.814227213909371805e+00,-3.695658075877430004e+00,6.406105990872663369e+01,9.454399061077165101e+00,3.877887308305796310e+00,-3.706663150886382763e+00,6.470788323895307315e+01,9.216485216253531121e+00,3.991999999999999993e+00,-3.620999999999999996e+00,5.388999938964843750e+00,7.431252002716064453e-01
6.533855232634871868e+01,1.088120217486435592e+01,4.150484487320282412e+00,-3.751999623235362513e+00,6.444884863955721244e+01,9.083732745988527313e+00,3.877887308305796310e+00,-3.706663150886382763e+00,6.455873834487744034e+01,9.211834307913653319e+00,3.911227925878768552e+00,-3.606949177094417980e+00,6.508847558508151110e+01,8.868946268415403011e+00,4.083000000000000185e+00,-3.652000000000000135e+00,5.478000164031982422e+00,7.350155711174011230e-01
6.773473727756498874e+01,9.000074638802955107e+00,4.321907103142042850e+00,-3.780434389673483331e+00,6.494986113746531942e+01,8.851139390204211921e+00,3.911227925878768552e+00,-3.606949177094417980e+00,6.528154769197053042e+01,8.851397597955289243e+00,4.006256635770792940e+00,-3.625864169171948870e+00,6.547807061726582845e+01,8.520837022956323281e+00,4.301999999999999602e+00,-3.670999999999999819e+00,5.655000209808349609e+00,7.186682224273681641e-01
6.215090549007258858e+01,6.651817394943350337e+00,4.216914350215925644e+00,-3.505979409848469341e+00,6.568217335554760439e+01,8.488811181038094844e+00,4.006256635770792940e+00,-3.625864169171948870e+00,6.528188492658651398e+01,8.362380577038923235e+00,3.901179507762093213e+00,-3.715993624612270452e+00,6.597191369536236039e+01,8.097659303769034977e+00,4.323000000000000398e+00,-3.463999999999999968e+00,5.539999961853027344e+00,6.936013698577880859e-01
7.130188882351090740e+01,8.999704554058801875e+00,4.364880764508306754e+00,-3.390507980147777101e+00,6.567200287736272912e+01,7.990781214577696190e+00,3.901179507762093213e+00,-3.715993624612270452e+00,6.633236752605878905e+01,8.084097220016168706e+00,4.085561139021745447e+00,-3.603832222734778767e+00,6.638315904146659818e+01,7.763940049719595393e+00,4.370000000000000107e+00,-3.339999999999999858e+00,5.500000000000000000e+00,6.604148745536804199e-01
6.788803100649987243e+01,1.226836319199299652e+01,4.516966501077636309e+00,-3.228268597320123945e+00,6.674092363996096822e+01,7.723713997742691184e+00,4.085561139021745447e+00,-3.603832222734778767e+00,6.688482424711651220e+01,8.077510001968843056e+00,4.130233143464465684e+00,-3.273229661524809764e+00,6.680392396486972473e+01,7.447558595952157745e+00,4.554000000000000270e+00,-3.185000000000000053e+00,5.557000160217285156e+00,6.205226778984069824e-01
7.015769088288004696e+01,8.391183688630011517e+00,4.262914524921608717e+00,-2.937497102497444779e+00,6.729784756146295877e+01,7.750187035816361814e+00,4.130233143464465684e+00,-3.273229661524809764e+00,6.763044210320501293e+01,7.817340739631691626e+00,4.221725631782459409e+00,-3.181324036119150822e+00,6.723821961928138080e+01,7.142887308287865444e+00,4.527999999999999581e+00,-3.076999999999999957e+00,5.473999977111816406e+00,6.033607125282287598e-01
6.550948202679253995e+01,5.086803270852382930e+00,4.563432286487707046e+00,-3.050279503529798486e+00,6.805261466638326340e+01,7.499208336019776766e+00,4.221725631782459409e+00,-3.181324036119150822e+00,6.776960886721357724e+01,7.331564864020800876e+00,4.150057498209445583e+00,-3.303911187866032773e+00,6.776092469723681688e+01,6.787003709385403205e+00,4.705000000000000071e+00,-3.145000000000000018e+00,5.658999919891357422e+00,5.892139673233032227e-01
6.751736676746162402e+01,7.237313283928616059e+00,4.395540188357132116e+00,-2.898180471715087858e+00,6.818461461703452642e+01,7.001173745234197554e+00,4.150057498209445583e+00,-3.303911187866032773e+00,6.811468571763390401e+01,7.043122112851546213e+00,4.134539209663313564e+00,-3.224891764086968760e+00,6.820500695765413468e+01,6.493053629046241504e+00,4.511000000000000121e+00,-2.994000000000000217e+00,5.414000034332275391e+00,5.829170942306518555e-01
6.963110619834853310e+01,6.784359170852764187e+00,4.471186014893624439e+00,-3.123237355470914967e+00,6.852813963860023705e+01,6.720632936442849648e+00,4.134539209663313564e+00,-3.224891764086968760e+00,6.866433416059227568e+01,6.731475118881765418e+00,4.175844362301027068e+00,-3.204822207004551338e+00,6.863646066250400679e+01,6.203690721903972971e+00,4.535999999999999588e+00,-3.104999999999999982e+00,5.497000217437744141e+00,6.097356677055358887e-01
6.909544131906400821e+01,6.070939570125144513e+00,4.171802895809020306e+00,-3.567237009441885931e+00,6.908191859682237634e+01,6.410992898181310018e+00,4.175844362301027068e+00,-3.204822207004551338e+00,6.908336171070432385e+01,6.364121851088722082e+00,4.176178545964040367e+00,-3.283090095602379854e+00,6.913865029834627762e+01,5.823072626655894979e+00,4.224999999999999645e+00,-3.491000000000000103e+00,5.480999946594238281e+00,7.074375152587890625e-01
6.904018566032306126e+01,1.356669618660316212e+00,3.821867196419009183e+00,-3.830437272330637466e+00,6.950097956530072452e+01,6.035812841528484185e+00,4.176178545964040367e+00,-3.283090095602379854e+00,6.943815165715960802e+01,5.661743327246373525e+00,4.154417273281768352e+00,-3.649202981833830517e+00,6.952258813451419428e+01,5.472408487555646239e+00,3.794000000000000039e+00,-3.802000000000000046e+00,5.370999813079833984e+00,7.865180969238281250e-01
7.023793497727602642e+01,2.531831695719513498e+00,3.654329047533691366e+00,-4.141184081859741184e+00,6.985359338448778033e+01,5.296823029062990074e+00,4.154417273281768352e+00,-3.649202981833830517e+00,6.988392006920214783e+01,5.065494748179620643e+00,4.155793466676607650e+00,-3.892533151383282153e+00,6.988400781208562762e+01,5.090844347288079774e+00,3.642999999999999794e+00,-4.216999999999999638e+00,5.572999954223632812e+00,8.477703928947448730e-01
7.031055458647168166e+01,5.864701701527683220e+00,3.542128023931776504e+00,-4.174799757809204870e+00,7.029949941586980344e+01,4.676241433041292694e+00,4.155793466676607650e+00,-3.892533151383282153e+00,7.028374252922550625e+01,4.745546666090998400e+00,4.143197931296572101e+00,-3.867000784723854334e+00,7.023100793397270536e+01,4.682920647917148571e+00,3.592999999999999972e+00,-4.320000000000000284e+00,5.618999958038330078e+00,8.672001361846923828e-01
7.236921024341414466e+01,6.937792255479592995e+00,4.179700900664277796e+00,-3.599493590557467648e+00,7.069806232235517029e+01,4.358846587618613100e+00,4.143197931296572101e+00,-3.867000784723854334e+00,7.089127525957073317e+01,4.562933130527841108e+00,4.195796463756347627e+00,-3.670685776404891687e+00,7.067315423488632575e+01,4.217882348863289721e+00,4.104000000000000092e+00,-3.769000000000000128e+00,5.572000026702880859e+00,7.109515070915222168e-01
7.090910282756614436e+01,7.341091348091927316e+00,4.351442690344033082e+00,-2.578431965402515402e+00,7.131085490594637122e+01,4.195864552887352161e+00,4.195796463756347627e+00,-3.670685776404891687e+00,7.126896804799652330e+01,4.491502409585613087e+00,4.186618155788637274e+00,-3.308610314338490177e+00,7.108599603248823939e+01,3.908568097398562813e+00,4.546999999999999709e+00,-2.696000000000000174e+00,5.285999774932861328e+00,5.349209308624267578e-01
7.031691515481772115e+01,2.066431475926643557e+00,5.079902096253896104e+00,-1.722524024386402397e+00,7.168762986357538125e+01,4.160641378151764158e+00,4.186618155788637274e+00,-3.308610314338490177e+00,7.155477026070643376e+01,4.104944628420169828e+00,4.162940688325115879e+00,-3.179277965890185520e+00,7.155785501019015271e+01,3.678165628928617092e+00,5.078000000000000291e+00,-2.233999999999999986e+00,5.547999858856201172e+00,3.269190490245819092e-01
7.031691515481772115e+01,2.066431475926643557e+00,5.258892063265136585e+00,-1.783217028396923309e+00,7.197106432953894739e+01,3.787016831831151009e+00,4.162940688325115879e+00,-3.179277965890185520e+00,7.181123044218749385e+01,3.746927968575410439e+00,4.134745796118182604e+00,-3.058137036382445828e+00,7.155785501019015271e+01,3.678165628928617092e+00,5.434000000000000163e+00,-8.080000000000000515e-01,5.493000030517578125e+00,3.269190490245819092e-01
7.218172474974863917e+01,3.032814993968077077e-01,5.511138720881818998e+00,-5.744821783461576681e-01,7.222470502179930918e+01,3.441114264937165768e+00,4.134745796118182604e+00,-3.058137036382445828e+00,7.225795478927609850e+01,3.364200322488877681e+00,4.162432402013754640e+00,-2.847194573541415696e+00,7.206999719142410754e+01,3.554289533625445419e+00,5.426999999999999602e+00,5.530000000000000471e-01,5.454999923706054688e+00,1.038650795817375183e-01
7.413053262287418477e+01,4.191282345638888351e+00,5.476091233362750721e+00,7.702773035524450584e-01,7.267419802947748053e+01,3.079480865134736067e+00,4.162432402013754640e+00,-2.847194573541415696e+00,7.287814439130120547e+01,3.381149018688312413e+00,4.235296022705156815e+00,-2.201794603919724036e+00,7.269561517254616945e+01,3.554847433190718498e+00,5.400999999999999801e+00,1.173000000000000043e+00,5.526999950408935547e+00,-1.397450417280197144e-01
7.497774684494133624e+01,7.718966200445297687e+00,5.331671722864461671e+00,1.748312993872674248e+00,7.330167399357172542e+01,3.160969558296339965e+00,4.235296022705156815e+00,-2.201794603919724036e+00,7.352486332412962611e+01,3.733839657859647776e+00,4.310393442184641266e+00,-1.298038326906458151e+00,7.321076715043056993e+01,3.666196538730200238e+00,5.073999999999999844e+00,2.193000000000000060e+00,5.526999950408935547e+00,-3.168624043464660645e-01
7.531459295778955720e+01,2.413906170236261417e+00,4.671883387189528669e+00,2.339685795125672207e+00,7.395590266834808801e+01,3.604035825169002116e+00,4.310393442184641266e+00,-1.298038326906458151e+00,7.412219753875216099e+01,3.739343708768088970e+00,4.360153387424126059e+00,-7.863910096599942001e-01,7.370222604325098814e+01,3.861167623439473839e+00,4.591999999999999638e+00,2.911000000000000032e+00,5.436999797821044922e+00,-4.642885327339172363e-01
7.453226307106916693e+01,2.191313697840489016e+00,4.606835920855031574e+00,3.071715120870717186e+00,7.455821287749456872e+01,3.660704607802089505e+00,4.360153387424126059e+00,-7.863910096599942001e-01,7.456207346227965616e+01,3.789127107315401144e+00,4.364549586612545440e+00,-2.560756684467277999e-01,7.415607965041773753e+01,4.118320657556770570e+00,4.506000000000000227e+00,3.291999999999999815e+00,5.579999923706054688e+00,-5.880764126777648926e-01
7.729572618057476063e+01,5.077359510994851277e+00,4.390672569535222891e+00,3.673910490903919523e+00,7.499852842094091443e+01,3.763519540470728231e+00,4.364549586612545440e+00,-2.560756684467277999e-01,7.526345581037878674e+01,4.098965637289232689e+00,4.436345552663964575e+00,4.513883562033697006e-01,7.466867959514902964e+01,4.498452855391130711e+00,4.078000000000000291e+00,3.600999999999999979e+00,5.440000057220458984e+00,-6.967533230781555176e-01
7.644783067768989326e+01,1.726094438417124177e+00,4.124153905174079426e+00,3.917231275585502992e+00,7.570709036564518613e+01,4.144104472909569736e+00,4.436345552663964575e+00,4.513883562033697006e-01,7.578362061122724924e+01,4.179527055346341946e+00,4.452736654914374981e+00,8.624387096687018417e-01,7.505996072351253190e+01,4.843791200754373527e+00,3.899000000000000021e+00,3.902000000000000135e+00,5.515999794006347656e+00,-7.596716284751892090e-01
7.489444488294151370e+01,4.212662770010755509e+00,3.671966096984517591e+00,3.777365524928818719e+00,7.622889427671869100e+01,4.265770926313211753e+00,4.452736654914374981e+00,8.624387096687018417e-01,7.605375292513630825e+01,4.439759789822709912e+00,4.394888486906545211e+00,1.326018911049335669e+00,7.543637979037394814e+01,5.214073374335790767e+00,3.798999999999999932e+00,3.955999999999999961e+00,5.485000133514404297e+00,-7.995460629463195801e-01
7.422706580183765368e+01,1.936024858460398290e+00,3.598304196179826331e+00,3.908986832941276468e+00,7.649324177382696632e+01,4.572361680927643057e+00,4.394888486906545211e+00,1.326018911049335669e+00,7.621050300998255977e+01,4.538019622950813847e+00,4.307810376580056833e+00,1.582709141751354576e+00,7.579866921953629344e+01,5.595464899402526449e+00,3.728000000000000203e+00,4.099000000000000199e+00,5.540999889373779297e+00,-8.267586827278137207e-01
7.393453061644170532e+01,3.889286471949099155e+00,3.710768981504278585e+00,4.143191441011028431e+00,7.664128404764056768e+01,4.696290537125949349e+00,4.307810376580056833e+00,1.582709141751354576e+00,7.631341115904542960e+01,4.793764158566252043e+00,4.211275338209832242e+00,1.944668536969358152e+00,7.622707498077760135e+01,6.067033483812843464e+00,3.718999999999999861e+00,4.139000000000000234e+00,5.565000057220458984e+00,-8.404005169868469238e-01
7.810842526024059396e+01,8.008599831898861154e+00,3.690126063212605168e+00,4.188280215976103449e+00,7.673453869286640838e+01,4.988231012263187658e+00,4.211275338209832242e+00,1.944668536969358152e+00,7.687808930573514488e+01,5.345028961137410661e+00,4.242897190682300312e+00,2.483669803986788160e+00,7.658281457463075981e+01,6.467096044644668140e+00,3.704000000000000181e+00,4.206999999999999851e+00,5.605000019073486328e+00,-8.485444188117980957e-01
7.739446344980173365e+01,4.458571149365233133e+00,3.487469524451365377e+00,4.017456675870947791e+00,7.730237902480337198e+01,5.593395941536089211e+00,4.242897190682300312e+00,2.483669803986788160e+00,7.729200767448377007e+01,5.604357767769816867e+00,4.229825806750215023e+00,2.661724070111113338e+00,7.693588006522250566e+01,6.870503617979644595e+00,3.638999999999999790e+00,4.205000000000000071e+00,5.560999870300292969e+00,-8.558996915817260742e-01
7.793587660844418963e+01,7.884792758607152230e+00,3.649759642904988333e+00,4.270969315262936661e+00,7.771499025515879566e+01,5.870530174780927979e+00,4.229825806750215023e+00,2.661724070111113338e+00,7.772429854982190989e+01,6.115370730217248862e+00,4.224446367356206267e+00,3.039273305851659224e+00,7.735162866166318452e+01,7.352960778937660535e+00,3.585999999999999854e+00,4.203000000000000291e+00,5.525000095367431641e+00,-8.636662960052490234e-01
7.977746713196643213e+01,1.045201511511351455e+01,3.544636233018432225e+00,4.173982287614082409e+00,7.814674318655752927e+01,6.419298060802415051e+00,4.224446367356206267e+00,3.039273305851659224e+00,7.831543025238137545e+01,6.782141559185308921e+00,4.260688589468606402e+00,3.460964182031501579e+00,7.769577920475451549e+01,7.756992533103946208e+00,3.605999999999999872e+00,4.245000000000000107e+00,5.570000171661376953e+00,-8.667542934417724609e-01
7.829623699234244327e+01,1.196555657526719330e+01,3.528116754500327801e+00,4.117095508002661219e+00,7.874149911132823831e+01,7.128237977388459434e+00,4.260688589468606402e+00,3.460964182031501579e+00,7.866996133122033541e+01,7.520461226837740654e+00,4.231433850324460622e+00,3.853909223856503363e+00,7.803642785614523802e+01,8.157450868962710544e+00,3.537999999999999812e+00,4.134000000000000341e+00,5.440999984741210938e+00,-8.622851967811584473e-01
7.854417963396058155e+01,8.382339565827351180e+00,3.566255899143291330e+00,4.103996304010489204e+00,7.909310471625278183e+01,7.905852149223391301e+00,4.231433850324460622e+00,3.853909223856503363e+00,7.901151466275950952e+01,7.955802786206985111e+00,4.200385031635874178e+00,3.922310730653126853e+00,7.837764489650234623e+01,8.553190424083123133e+00,3.605999999999999872e+00,4.139999999999999680e+00,5.489999771118164062e+00,-8.553909063339233398e-01
8.177235257634355037e+01,1.107583065216109830e+01,3.721527770678727975e+00,4.260502410019065600e+00,7.943155316592309134e+01,8.348033859272298685e+00,4.200385031635874178e+00,3.922310730653126853e+00,7.968748272588011616e+01,8.567270602529262646e+00,4.262886354550095902e+00,4.138802423629145188e+00,7.879723870805494812e+01,9.034579469446098798e+00,3.674999999999999822e+00,4.213000000000000078e+00,5.591000080108642578e+00,-8.528193235397338867e-01
8.177235257634355037e+01,1.107583065216109830e+01,3.563640625991340016e+00,4.079749073781306912e+00,8.011377136133512522e+01,8.981150844892177076e+00,4.262886354550095902e+00,4.138802423629145188e+00,8.028512300322790907e+01,9.130054367382765435e+00,4.299582764644667598e+00,4.254008001031007957e+00,7.879723870805494812e+01,9.034579469446098798e+00,3.575000000000000178e+00,4.078999999999999737e+00,5.423999786376953125e+00,-8.528193235397338867e-01
7.756442928348484145e+01,9.355018369068327289e+00,3.717553196574435059e+00,4.200081135106325192e+00,8.071508127969237023e+01,9.555455167485865431e+00,4.299582764644667598e+00,4.254008001031007957e+00,8.033657182652964934e+01,9.537571658621558868e+00,4.189597181349448363e+00,4.233444529865834305e+00,7.914328134058393971e+01,9.430062486653755016e+00,3.576999999999999957e+00,4.067999999999999616e+00,5.416999816894531250e+00,-8.462663292884826660e-01
7.753379762218790461e+01,1.024036495236887312e+01,3.802707470772652254e+00,4.272916274808386206e+00,8.075553154466459205e+01,9.960916111608142387e+00,4.189597181349448363e+00,4.233444529865834305e+00,8.037426175927905092e+01,9.983670239831608839e+00,4.081521356072298268e+00,4.256395698787462933e+00,7.984079492148626400e+01,1.021922226113519727e+01,3.786999999999999922e+00,4.256000000000000227e+00,5.697000026702880859e+00,-8.435581922531127930e-01
7.753379762218790461e+01,1.024036495236887312e+01,3.693679085219303104e+00,4.150406413971698960e+00,8.078241389488627533e+01,1.040930980971035424e+01,4.081521356072298268e+00,4.256395698787462933e+00,8.039802591714524738e+01,1.039054251409756624e+01,3.972591719132826604e+00,4.229370132367293422e+00,7.984079492148626400e+01,1.021922226113519727e+01,3.615000000000000213e+00,4.065000000000000391e+00,5.440000057220458984e+00,-8.435581922531127930e-01
7.923499798817476858e+01,1.024364499574756593e+01,3.721306078803497730e+00,4.171328658088784280e+00,8.079528508905852391e+01,1.081347952733429629e+01,3.972591719132826604e+00,4.229370132367293422e+00,8.060886242552403758e+01,1.076845034043790328e+01,3.918902984561200675e+00,4.186163757287259202e+00,8.026265466282367811e+01,1.069354553409333519e+01,3.748000000000000220e+00,4.115999999999999659e+00,5.565999984741210938e+00,-8.423545360565185547e-01
8.160702610048574002e+01,1.140145407549251999e+01,3.921764071005101382e+00,4.274502186614853372e+00,8.100075272398015613e+01,1.118706671616662973e+01,3.918902984561200675e+00,4.186163757287259202e+00,8.107056009095167326e+01,1.120806555518088032e+01,3.937766244012300021e+00,4.213067484137238417e+00,8.061779534840968608e+01,1.108769436082728710e+01,3.698999999999999844e+00,3.995999999999999996e+00,5.445000171661376953e+00,-8.284080624580383301e-01
8.170476561836916574e+01,1.202972675690631554e+01,3.677906370541247583e+00,3.934717577450865367e+00,8.146433671535289989e+01,1.162937230359460372e+01,3.937766244012300021e+00,4.213067484137238417e+00,8.148477788685333678e+01,1.164153714589779653e+01,3.939744062055695384e+00,4.192324238251579516e+00,8.097159707584481225e+01,1.147014255712997510e+01,3.754999999999999893e+00,3.976999999999999869e+00,5.469999790191650391e+00,-8.191202878952026367e-01
8.223486298336922573e+01,1.155760557843414560e+01,3.581249618652003530e+00,3.742599282650100001e+00,8.187875229305890912e+01,1.206076956972295378e+01,3.939744062055695384e+00,4.192324238251579516e+00,8.190976114733273050e+01,1.199669571045153660e+01,3.943230038542227422e+00,4.090368915479440481e+00,8.132991158976466295e+01,1.185104103270557552e+01,3.718999999999999861e+00,3.841000000000000192e+00,5.346000194549560547e+00,-8.074253201484680176e-01
8.012879037922164116e+01,1.561986966368237617e+01,3.933027836324564319e+00,4.070244502655978813e+00,8.230408415118695586e+01,1.240573260199948002e+01,3.943230038542227422e+00,4.090368915479440481e+00,8.205361881408832403e+01,1.263851535890288424e+01,3.875550468241976354e+00,4.278430398724680117e+00,8.175581491023852720e+01,1.229229851000603269e+01,3.793000000000000149e+00,3.927999999999999936e+00,5.460000038146972656e+00,-8.025415539741516113e-01
8.062695205228669693e+01,1.083782453676139390e+01,3.922545337958394551e+00,4.095592645140280652e+00,8.244117386091252797e+01,1.306635839877535155e+01,3.875550468241976354e+00,4.278430398724680117e+00,8.223382283117047109e+01,1.289295031866652685e+01,3.820275100219625131e+00,4.116526895614956771e+00,8.211938607750875008e+01,1.266958923549087501e+01,3.817000000000000171e+00,4.006000000000000227e+00,5.533999919891357422e+00,-8.069767951965332031e-01
8.483747637314758094e+01,1.595569081455060712e+01,3.774224342012242772e+00,4.000653773592793172e+00,8.261585034119242721e+01,1.330460300822802289e+01,3.820275100219625131e+00,4.116526895614956771e+00,8.287008344749594357e+01,1.349054986880391738e+01,3.888205591062912525e+00,4.255748099632064019e+00,8.248483407496038922e+01,1.305320282185279801e+01,3.730999999999999872e+00,3.976999999999999869e+00,5.453000068664550781e+00,-8.145131468772888184e-01
8.483747637314758094e+01,1.595569081455060712e+01,3.774224342012242772e+00,4.000653773592793172e+00,8.325890400660223634e+01,1.391612467876712422e+01,3.888205591062912525e+00,4.255748099632064019e+00,8.343729403191531446e+01,1.404905403462181646e+01,3.934760209773778161e+00,4.336283415207060621e+00,8.248483407496038922e+01,1.305320282185279801e+01,3.730999999999999872e+00,3.976999999999999869e+00,5.453000068664550781e+00,-8.145131468772888184e-01
8.483747637314758094e+01,1.595569081455060712e+01,3.774224342012242772e+00,4.000653773592793172e+00,8.383077005289268868e+01,1.448268237614252207e+01,3.934760209773778161e+00,4.336283415207060621e+00,8.394209749134307685e+01,1.456944864929073979e+01,3.962597450791709885e+00,4.370205635671019273e+00,8.248483407496038922e+01,1.305320282185279801e+01,3.730999999999999872e+00,3.976999999999999869e+00,5.453000068664550781e+00,-8.145131468772888184e-01
8.483747637314758094e+01,1.595569081455060712e+01,3.774224342012242772e+00,4.000653773592793172e+00,8.433835723642225446e+01,1.500646921285784252e+01,3.962597450791709885e+00,4.370205635671019273e+00,8.439053423118730279e+01,1.505303052547868070e+01,3.974105489511366773e+00,4.367523927947712714e+00,8.248483407496038922e+01,1.305320282185279801e+01,3.730999999999999872e+00,3.976999999999999869e+00,5.453000068664550781e+00,-8.145131468772888184e-01
8.483747637314758094e+01,1.595569081455060712e+01,3.774224342012242772e+00,4.000653773592793172e+00,8.478794478013844582e+01,1.548978291827345188e+01,3.974105489511366773e+00,4.367523927947712714e+00,8.478809502754793925e+01,1.550131938894193517e+01,3.971427405958082080e+00,4.336508036276144118e+00,8.248483407496038922e+01,1.305320282185279801e+01,3.730999999999999872e+00,3.976999999999999869e+00,5.453000068664550781e+00,-8.145131468772888184e-01
