0.000000000000000000e+00,0.000000000000000000e+00,5.525781273921443137e+00,1.566012872544595425e-01,0.000000000000000000e+00,0.000000000000000000e+00,0.000000000000000000e+00,0.000000000000000000e+00,0.000000000000000000e+00,0.000000000000000000e+00,0.000000000000000000e+00,0.000000000000000000e+00,1.524020584712356130e-01,1.144670725175780834e+00,5.576999999999999957e+00,1.839999999999999969e-01,5.579999923706054688e+00,-2.833253331482410431e-02
1.218690618995837749e+00,5.335009538792168104e-01,5.362673498018705409e+00,3.329617265870707943e-01,0.000000000000000000e+00,0.000000000000000000e+00,0.000000000000000000e+00,0.000000000000000000e+00,7.498433980685348388e-02,3.282557212586231787e-02,1.072534699603741029e-03,6.659234531741416456e-05,7.934733777636439056e-01,1.165205165028663670e+00,5.485999999999999766e+00,2.220000000000000029e-01,5.491000175476074219e+00,-6.200915575027465820e-02
-2.244814977218017926e+00,1.627130255493983269e+00,5.539976058387124702e+00,2.142957291286159194e+00,7.509159327681386165e-02,3.283223136039405826e-02,1.072534699603741029e-03,6.659234531741416456e-05,-6.002261927859764423e-02,1.271802974721978063e-01,3.779244019389730452e-03,1.780484712088636250e-03,1.417582645943496367e+00,1.250700518750606838e+00,4.967999999999999972e+00,2.531000000000000139e+00,5.576000213623046875e+00,-3.690903782844543457e-01
2.130978539546342088e+00,1.375445551992199311e+00,4.365218856562111505e+00,3.173715734553645529e+00,-5.964469487665867431e-02,1.273583459434066700e-01,3.779244019389730452e-03,1.780484712088636250e-03,6.813111367247177974e-02,2.006754137560376461e-01,1.079681877020954167e-02,6.607594551167338820e-03,1.901199474558920688e+00,1.466175704891369280e+00,4.620000000000000107e+00,3.121999999999999886e+00,5.651000022888183594e+00,-6.286481022834777832e-01
2.583922818175396152e+00,5.021669715901988518e-01,4.454189520196623064e+00,3.238401516496984822e+00,6.921079554949273460e-02,2.013361732111543789e-01,1.079681877020954167e-02,6.607594551167338820e-03,2.153006654489193483e-01,2.228988039879816196e-01,2.382723861340023397e-02,1.363197400229460357e-02,2.417830601512707567e+00,1.851422890695447521e+00,4.363000000000000433e+00,3.591000000000000192e+00,5.651000022888183594e+00,-6.286481022834777832e-01
5.247964754939328458e+00,1.741895451754160717e+00,4.027128105031282601e+00,3.909988143657694870e+00,2.176833893102593787e-01,2.242620013882110908e-01,2.382723861340023397e-02,1.363197400229460357e-02,5.023644473967747714e-01,3.169669840480545675e-01,4.958301576227860247e-02,2.963169457771753362e-02,2.875105037995555612e+00,2.298882976402873979e+00,3.713999999999999968e+00,4.003999999999999559e+00,5.460999965667724609e+00,-7.706407308578491211e-01
5.964529886565068217e+00,3.304710760419078408e+00,3.642258500482282280e+00,3.970453014327973484e+00,5.073227489730026685e-01,3.199301535058263202e-01,4.958301576227860247e-02,2.963169457771753362e-02,8.171945073976654150e-01,4.969712585944676131e-01,8.716988296224396915e-02,5.872853841236912870e-02,3.299202099096281149e+00,2.761440231835140757e+00,3.664000000000000146e+00,4.049000000000000377e+00,5.460999965667724609e+00,-8.284828662872314453e-01
5.964529886565068217e+00,3.304710760419078408e+00,3.517032674568692840e+00,3.938131965995096184e+00,8.259114956938897745e-01,5.028441124357044822e-01,8.716988296224396915e-02,5.872853841236912870e-02,1.124221765753351754e+00,6.763185016629948976e-01,1.362679328606739015e-01,9.716706984889275645e-02,3.299202099096281149e+00,2.761440231835140757e+00,3.662999999999999812e+00,4.091999999999999638e+00,5.492000102996826172e+00,-8.418224453926086426e-01
1.478058472039290638e+00,6.169638708213700973e+00,3.561867118295436008e+00,3.965097958224022889e+00,1.137848559039419172e+00,6.860352086478841427e-01,1.362679328606739015e-01,9.716706984889275645e-02,1.181285802699140852e+00,1.016233822216818572e+00,1.645699493784592293e-01,1.677983541954788105e-01,3.649685993450395127e+00,3.153245523243983328e+00,3.634999999999999787e+00,3.986000000000000210e+00,5.394999980926513672e+00,-8.389185070991516113e-01
5.493319049259732800e+00,4.073661252530012433e+00,3.751664765085161779e+00,3.999908717678057446e+00,1.197742797636986767e+00,1.033013657636366434e+00,1.645699493784592293e-01,1.677983541954788105e-01,1.472630806576495921e+00,1.239578515855236152e+00,2.401498901759157589e-01,2.334637221675069652e-01,4.076182499871788600e+00,3.626437618875803626e+00,3.689999999999999947e+00,3.935999999999999943e+00,5.394999980926513672e+00,-8.174121975898742676e-01
2.351226940486955463e+00,5.502424433981866869e+00,3.772347171742318483e+00,3.797895150208093984e+00,1.496645795594087502e+00,1.262924888071986773e+00,2.401498901759157589e-01,2.334637221675069652e-01,1.586795464341942852e+00,1.548994602549386812e+00,2.910371625171734866e-01,3.256947989025401613e-01,4.501584186782271679e+00,4.077127649775345475e+00,3.769000000000000128e+00,3.882000000000000117e+00,5.410999774932861328e+00,-7.887729406356811523e-01
6.987183227913796202e+00,3.833461418869618775e+00,4.008433524681860760e+00,3.981828946082257126e+00,1.615899180593660223e+00,1.581564082439640861e+00,2.910371625171734866e-01,3.256947989025401613e-01,1.988155553535770004e+00,1.766978232255303372e+00,4.204837249547321854e-01,4.086456163201173108e-01,4.949497356906615408e+00,4.527551367695583195e+00,3.934000000000000163e+00,3.912999999999999812e+00,5.548999786376953125e+00,-7.820685505867004395e-01
6.713178649312600221e+00,5.757089510500794205e+00,3.881803982102935979e+00,3.798336658601971116e+00,2.030203926031243000e+00,1.807842793887315169e+00,4.204837249547321854e-01,4.086456163201173108e-01,2.376571628467540886e+00,2.107729924928726906e+00,5.565422368490297034e-01,5.308895054050994933e-01,5.404816761589163576e+00,4.979465916548954318e+00,3.979000000000000092e+00,3.883000000000000007e+00,5.559999942779541016e+00,-7.745306491851806641e-01
3.867795720985435448e+00,6.084794058958100216e+00,3.999737600501972690e+00,3.913734444814752855e+00,2.432225852152444023e+00,2.160818875469237010e+00,5.565422368490297034e-01,5.308895054050994933e-01,2.590051940141025355e+00,2.476786185017679109e+00,6.479008343812588944e-01,6.707637400018231499e-01,5.404816761589163576e+00,4.979465916548954318e+00,3.979000000000000092e+00,3.883000000000000007e+00,5.559999942779541016e+00,-7.745306491851806641e-01
7.280036822282197839e+00,3.288382246757348248e+00,3.832202025235222465e+00,3.748939755744550517e+00,2.654842023579151444e+00,2.543862559017861624e+00,6.479008343812588944e-01,6.707637400018231499e-01,3.031019008525198899e+00,2.660145172361122246e+00,8.173761566174106985e-01,7.505094469762724207e-01,6.243423595660793524e+00,5.799999191555753164e+00,3.787999999999999812e+00,3.740000000000000213e+00,5.322999954223632812e+00,-7.744157910346984863e-01
7.280036822282197839e+00,3.288382246757348248e+00,3.766485346222348873e+00,3.733014445924574432e+00,3.112756624186939991e+00,2.735196117058749543e+00,8.173761566174106985e-01,7.505094469762724207e-01,3.470545998514068753e+00,2.845400833665032270e+00,9.884317709135223007e-01,8.316965012891239795e-01,6.243423595660793524e+00,5.799999191555753164e+00,3.777000000000000135e+00,3.750000000000000000e+00,5.322999954223632812e+00,-7.809351086616516113e-01
7.732336059349012025e+00,6.157680929089774047e+00,3.749523017426976246e+00,3.775462779220784881e+00,3.569389175605421016e+00,2.928570483793944579e+00,9.884317709135223007e-01,8.316965012891239795e-01,3.938176166207508988e+00,3.235910304658140557e+00,1.170296082169319352e+00,9.924421233364688621e-01,6.679626598766339463e+00,6.232648804002984377e+00,3.904999999999999805e+00,3.898000000000000131e+00,5.518000125885009766e+00,-7.888453006744384766e-01
5.070937767245355055e+00,7.401441589266011256e+00,3.895210529532520560e+00,4.040034505071768756e+00,4.055205774424440968e+00,3.335154516991787332e+00,1.170296082169319352e+00,9.924421233364688621e-01,4.207560762533603338e+00,3.719753373282197906e+00,1.271977233791576012e+00,1.192716941612012471e+00,7.125093594314927614e+00,6.682490781237207855e+00,3.806000000000000050e+00,3.967999999999999972e+00,5.498000144958496094e+00,-8.036468625068664551e-01
1.088245500594072368e+01,6.208185627220267122e+00,3.683156899716242716e+00,3.889961812581282263e+00,4.334758485912760584e+00,3.839025067443399220e+00,1.271977233791576012e+00,1.192716941612012471e+00,4.899623830840964978e+00,4.099195057177849044e+00,1.544877189255099870e+00,1.342306759284886519e+00,7.491369381782399195e+00,7.062650158777389109e+00,3.839999999999999858e+00,4.048000000000000043e+00,5.579999923706054688e+00,-8.126991391181945801e-01
7.763252228481127837e+00,1.049862213421359236e+01,3.837166061676875906e+00,4.052618407216352914e+00,5.054111549766474809e+00,4.233425733106337852e+00,1.544877189255099870e+00,1.342306759284886519e+00,5.335813348047916627e+00,4.801366201640196785e+00,1.701351115864855101e+00,1.628504654334673507e+00,7.926967755089476597e+00,7.522451832784430081e+00,3.741999999999999993e+00,3.959000000000000075e+00,5.447000026702880859e+00,-8.126991391181945801e-01
6.771775260598658086e+00,5.384003116968028912e+00,3.867214341082533036e+00,4.032272442012523328e+00,5.505948459634401715e+00,4.964216667073664269e+00,1.701351115864855101e+00,1.628504654334673507e+00,5.677825825591462205e+00,5.077971826700340863e+00,1.810633081763137753e+00,1.715875016768287464e+00,8.365743771347375457e+00,7.980001880901974154e+00,3.858999999999999986e+00,3.991000000000000103e+00,5.551000118255615234e+00,-7.980808615684509277e-01
8.462318673817259551e+00,9.027518704918881198e+00,3.824094028827288660e+00,3.922345045482599879e+00,5.858889133767775981e+00,5.249559328377169543e+00,1.810633081763137753e+00,1.715875016768287464e+00,6.135869368142096825e+00,5.626544037504960905e+00,1.966225721376176239e+00,1.919294408657373108e+00,8.812768116795902884e+00,8.435072853610291688e+00,3.918000000000000149e+00,3.932999999999999829e+00,5.551000118255615234e+00,-7.980808615684509277e-01
8.462318673817259551e+00,9.027518704918881198e+00,4.138200111964671635e+00,3.930031336765683392e+00,6.332491940279714626e+00,5.818473478370698615e+00,1.966225721376176239e+00,1.919294408657373108e+00,6.581797611764123701e+00,6.148817524102489607e+00,2.113587082728713540e+00,2.100912542766921298e+00,8.812768116795902884e+00,8.435072853610291688e+00,4.019999999999999574e+00,3.863999999999999879e+00,5.576000213623046875e+00,-7.596028447151184082e-01
8.493049874623626039e+00,6.279796316735038353e+00,3.964227451126460355e+00,3.606075973073142649e+00,6.793156320036994877e+00,6.358908778379182003e+00,2.113587082728713540e+00,2.100912542766921298e+00,6.999332979245935782e+00,6.407747102507871162e+00,2.237378576588342494e+00,2.147085041564445351e+00,9.276743069506045103e+00,8.874674274954841735e+00,4.115000000000000213e+00,3.637999999999999901e+00,5.492000102996826172e+00,-7.381233572959899902e-01
1.010739286244967694e+01,1.356861062316374422e+01,4.149204058708527043e+00,3.553656246778203798e+00,7.223070836904770253e+00,6.622455606664315653e+00,2.237378576588342494e+00,2.147085041564445351e+00,7.531110565427663772e+00,7.244716588220729392e+00,2.410019976892323612e+00,2.456956764282137939e+00,9.747679844830637208e+00,9.296975567679734098e+00,4.237000000000000099e+00,3.629000000000000004e+00,5.578999996185302734e+00,-7.082365155220031738e-01
1.186713124802562547e+01,9.030498996412434920e+00,4.282208049622479251e+00,3.508559209676406887e+00,7.772112563116896133e+00,7.490412264648942831e+00,2.410019976892323612e+00,2.456956764282137939e+00,8.181297453398988395e+00,7.657485327229272443e+00,2.629921580376906931e+00,2.551296672790120290e+00,1.022910369909784123e+01,9.703505471187058973e+00,4.171999999999999709e+00,3.419000000000000039e+00,5.394000053405761719e+00,-6.864193677902221680e-01
1.139257039106947467e+01,1.178709860080003580e+01,4.063301818654071695e+00,3.329201863228125724e+00,8.444289611436678555e+00,7.912614994508284205e+00,2.629921580376906931e+00,2.551296672790120290e+00,8.744094737766188175e+00,8.264171369314054161e+00,2.792635432720069311e+00,2.727776973462771259e+00,1.022910369909784123e+01,9.703505471187058973e+00,4.147000000000000242e+00,3.366000000000000103e+00,5.341000080108642578e+00,-6.864193677902221680e-01
1.123815732076164409e+01,1.246255965508638042e+01,4.267818524977645467e+00,3.366870895618428783e+00,9.023358281038195372e+00,8.536949066660330487e+00,2.792635432720069311e+00,2.727776973462771259e+00,9.265176913646246959e+00,8.889066517083461960e+00,2.929299311684010920e+00,2.902844732912986725e+00,1.119558824564570365e+01,1.047597022394833921e+01,4.286999999999999922e+00,3.330999999999999961e+00,5.428999900817871094e+00,-6.679342985153198242e-01
1.123815732076164409e+01,1.246255965508638042e+01,4.206761559402258932e+00,3.263147548479795379e+00,9.558106844814648895e+00,9.179350990374761210e+00,2.929299311684010920e+00,2.902844732912986725e+00,9.748505833683777766e+00,9.468142631882340510e+00,3.038942130324686186e+00,3.044142982619340465e+00,1.119558824564570365e+01,1.047597022394833921e+01,4.288999999999999702e+00,3.266000000000000014e+00,5.392000198364257812e+00,-6.597416996955871582e-01
1.175336944330758193e+01,9.120533302775298168e+00,4.311429724557950038e+00,3.204677841273491534e+00,1.005240004671624732e+01,9.772556930144274290e+00,3.038942130324686186e+00,3.044142982619340465e+00,1.024501337041204607e+01,9.724140860028287037e+00,3.149683502808525049e+00,3.023916969243156672e+00,1.168804182093098021e+01,1.085412688523308056e+01,4.413999999999999702e+00,3.281000000000000139e+00,5.500000000000000000e+00,-6.391981244087219238e-01
1.402227474761472337e+01,1.042526467110453581e+01,4.457197936681205341e+00,3.230853263959742261e+00,1.055998172069289787e+01,1.002653255695260270e+01,3.149683502808525049e+00,3.023916969243156672e+00,1.090259246408317395e+01,1.006820797283167401e+01,3.331692832338076560e+00,3.046814758114399169e+00,1.220042003701021116e+01,1.123154635716960748e+01,4.549000000000000377e+00,3.293000000000000149e+00,5.616000175476074219e+00,-6.272177100181579590e-01
1.405939938128084599e+01,1.145658728445571306e+01,4.390423055997384694e+00,3.186661648000912894e+00,1.123576174731698174e+01,1.037288944864311446e+01,3.331692832338076560e+00,3.046814758114399169e+00,1.151540641406075949e+01,1.046968883420216656e+01,3.480207443538573475e+00,3.094639057957274897e+00,1.263176073097443108e+01,1.154394145235797886e+01,4.424999999999999822e+00,3.230999999999999872e+00,5.479000091552734375e+00,-6.278461813926696777e-01
1.086847604837145198e+01,1.343148954173080156e+01,4.112744725524261291e+00,3.097988629927086901e+00,1.186342715841461626e+01,1.077915273999789392e+01,3.480207443538573475e+00,3.094639057957274897e+00,1.180456805849836499e+01,1.100296908475531765e+01,3.462452947031237738e+00,3.200210171967692752e+00,1.314199294160582099e+01,1.191802973974490776e+01,4.440999999999999837e+00,3.306000000000000050e+00,5.535999774932861328e+00,-6.455877423286437988e-01
1.402389563583729881e+01,1.156781406708472382e+01,3.972086498234243201e+00,3.227453045812309629e+00,1.215081335320148881e+01,1.132299010195208666e+01,3.462452947031237738e+00,3.200210171967692752e+00,1.232915911971984357e+01,1.134473892390758465e+01,3.554605425213554604e+00,3.210896885125762878e+00,1.363523758914917750e+01,1.230270095103937322e+01,4.254999999999999893e+00,3.487000000000000099e+00,5.501999855041503906e+00,-6.823366880416870117e-01
1.082043971110989489e+01,9.065630867682637373e+00,4.281837449107419147e+00,3.471024774413483893e+00,1.268461966224119841e+01,1.166582861242016023e+01,3.554605425213554604e+00,3.210896885125762878e+00,1.255602234013640661e+01,1.145648766031588828e+01,3.505421094952180905e+00,3.116260345342890759e+00,1.412247814229314535e+01,1.270069594683564418e+01,4.264999999999999680e+00,3.475999999999999979e+00,5.501999855041503906e+00,-6.811946034431457520e-01
1.082043971110989489e+01,9.065630867682637373e+00,4.256202361843025805e+00,3.450243970834051321e+00,1.290656444963162386e+01,1.176811369485017700e+01,3.505421094952180905e+00,3.116260345342890759e+00,1.276007915421384808e+01,1.155294365196671080e+01,3.448158174944535581e+00,3.020030040019083817e+00,1.412247814229314535e+01,1.270069594683564418e+01,4.341999999999999638e+00,3.498000000000000220e+00,5.576000213623046875e+00,-6.811946034431457520e-01
1.423072428991805261e+01,1.561414714122183867e+01,4.302109189192060867e+00,3.452261614036123749e+00,1.310489497170830120e+01,1.185494665596861985e+01,3.448158174944535581e+00,3.020030040019083817e+00,1.323411043888222416e+01,1.219008837813528778e+01,3.522556474088681000e+00,3.184918174448693851e+00,1.453822232815683613e+01,1.303594107919740530e+01,4.366999999999999993e+00,3.503000000000000114e+00,5.598999977111816406e+00,-6.762378811836242676e-01
1.516414540295987301e+01,1.381854127288532652e+01,3.949745673333888707e+00,3.161169130301106911e+00,1.358636608629109155e+01,1.250858019558015677e+01,3.522556474088681000e+00,3.184918174448693851e+00,1.373687159134256142e+01,1.261846266254160120e+01,3.600265946632196457e+00,3.236370289884938689e+00,1.504021264612325304e+01,1.343872638038827638e+01,4.211000000000000298e+00,3.386000000000000121e+00,5.402999877929687500e+00,-6.749528050422668457e-01
1.634595222786528268e+01,1.657714815367326011e+01,4.366953653706974414e+00,3.489672977845910573e+00,1.409689818600578093e+01,1.294209969153009432e+01,3.600265946632196457e+00,3.236370289884938689e+00,1.431778606916132368e+01,1.325981917937209964e+01,3.716496829728625162e+00,3.390191246885455811e+00,1.552638925616009047e+01,1.382931990904993036e+01,4.447000000000000064e+00,3.440999999999999837e+00,5.623000144958496094e+00,-6.741975545883178711e-01
1.508695404192504341e+01,1.636056323349817632e+01,4.592216959793515407e+00,3.460353073630609622e+00,1.468943575213418562e+01,1.359883830406064575e+01,3.716496829728625162e+00,3.390191246885455811e+00,1.475799675497174945e+01,1.383540005211138180e+01,3.762594359551268308e+00,3.502843230866196311e+00,1.603021858607379713e+01,1.422164244951563639e+01,4.490000000000000213e+00,3.383999999999999897e+00,5.623000144958496094e+00,-6.457536816596984863e-01
1.809555621432426165e+01,1.428546921885853749e+01,4.571709687510139730e+00,3.054091702468932024e+00,1.513425619092687668e+01,1.418568437519800085e+01,3.762594359551268308e+00,3.502843230866196311e+00,1.541721685399416764e+01,1.417623708461918319e+01,3.908720027844145850e+00,3.491336982917632170e+00,1.654720552243152909e+01,1.460024543045259549e+01,4.615999999999999659e+00,3.087000000000000188e+00,5.552000045776367188e+00,-5.889537930488586426e-01
1.459769959725945832e+01,1.413311453085715996e+01,4.989947204407388703e+00,2.765402507179195002e+00,1.580808885677858200e+01,1.452537078291094730e+01,3.908720027844145850e+00,3.491336982917632170e+00,1.574873123050678814e+01,1.446320740252498283e+01,3.897722062339791904e+00,3.450628713021890892e+00,1.700073285411150792e+01,1.488040538159738091e+01,4.815000000000000391e+00,2.588000000000000078e+00,5.466000080108642578e+00,-5.060580372810363770e-01
1.459769959725945832e+01,1.413311453085715996e+01,4.989947204407388703e+00,2.765402507179195002e+00,1.613850343674076626e+01,1.480827027382717276e+01,3.897722062339791904e+00,3.450628713021890892e+00,1.605160240710228692e+01,1.472377090225148066e+01,3.873911569569112423e+00,3.400039222729646760e+00,1.700073285411150792e+01,1.488040538159738091e+01,4.815000000000000391e+00,2.588000000000000078e+00,5.466000080108642578e+00,-5.060580372810363770e-01
1.582983173457449944e+01,1.257939167361163157e+01,4.642024494301558057e+00,2.518049055275603187e+00,1.643899356405919931e+01,1.506377482452444561e+01,3.873911569569112423e+00,3.400039222729646760e+00,1.641804920022435610e+01,1.481821809009775137e+01,3.876098330103928902e+00,3.270462650946291294e+00,1.755613960287550057e+01,1.517730613060465217e+01,4.677999999999999936e+00,2.649000000000000021e+00,5.375999927520751953e+00,-4.970253407955169678e-01
1.959729696768179252e+01,1.669693370195639304e+01,4.832679856277672492e+00,2.773515766009799322e+00,1.680565903323475041e+01,1.514526435519238134e+01,3.876098330103928902e+00,3.270462650946291294e+00,1.708022034383461119e+01,1.525684106250504968e+01,4.020496945681641954e+00,3.315243807223318573e+00,1.809751273681286321e+01,1.547932810995932584e+01,4.894999999999999574e+00,2.863999999999999879e+00,5.671999931335449219e+00,-5.210135579109191895e-01
1.755333532413447983e+01,1.699718077431436924e+01,4.790876382119513721e+00,2.829417066207772447e+00,1.748227003840277405e+01,1.558836544322738149e+01,4.020496945681641954e+00,3.315243807223318573e+00,1.751901844391230867e+01,1.568829196556205652e+01,4.049900171411225713e+00,3.354706151827435701e+00,1.865173996958671410e+01,1.580144114824595114e+01,4.873999999999999666e+00,2.899999999999999911e+00,5.671999931335449219e+00,-5.334675312042236328e-01
2.088092578939825827e+01,1.598395928731489413e+01,4.506856560725672978e+00,2.741143912159733187e+00,1.792400846105343248e+01,1.602376258074480120e+01,4.049900171411225713e+00,3.354706151827435701e+00,1.819264878246961104e+01,1.599591717693389015e+01,4.183639040896845351e+00,3.331961634580002940e+00,1.911273349838753788e+01,1.607747550240345902e+01,4.716000000000000192e+00,2.857000000000000206e+00,5.513999938964843750e+00,-5.464390516281127930e-01
1.789077974850154362e+01,1.423735399524265866e+01,4.946997415821138944e+00,2.871517746358447809e+00,1.861101268655929530e+01,1.632911334039189200e+01,4.183639040896845351e+00,3.331961634580002940e+00,1.858046674360273798e+01,1.613359965154840481e+01,4.181221480013647351e+00,3.232630960329941683e+00,1.963728846613686585e+01,1.639590831095246060e+01,4.908000000000000362e+00,2.662999999999999812e+00,5.584000110626220703e+00,-5.259254574775695801e-01
1.789077974850154362e+01,1.423735399524265866e+01,4.694126248053831496e+00,2.850832141436813405e+00,1.899858889160410413e+01,1.645686274758140044e+01,4.181221480013647351e+00,3.232630960329941683e+00,1.892522837784893497e+01,1.625366618818808817e+01,4.154706722835108224e+00,3.130922512018866843e+00,1.963728846613686585e+01,1.639590831095246060e+01,4.865999999999999659e+00,2.793000000000000149e+00,5.611000061035156250e+00,-5.457837581634521484e-01
2.102732013198830785e+01,1.956180973345899687e+01,4.133230293402875510e+00,3.501470313729956541e+00,1.934069905013244650e+01,1.656675843938997517e+01,4.154706722835108224e+00,3.130922512018866843e+00,1.948268088275898791e+01,1.683518651895453289e+01,4.221249572794783411e+00,3.263174189635736244e+00,2.069315828367714971e+01,1.706045623068039063e+01,4.187999999999999723e+00,3.387000000000000011e+00,5.386000156402587891e+00,-7.028377652168273926e-01
2.102732013198830785e+01,1.956180973345899687e+01,4.244630189231563655e+00,3.595842850585535988e+00,1.990480584003846687e+01,1.716150393791810558e+01,4.221249572794783411e+00,3.263174189635736244e+00,2.000080321885786105e+01,1.737805248957043602e+01,4.266832383784627147e+00,3.370387753984771528e+00,2.069315828367714971e+01,1.706045623068039063e+01,4.049999999999999822e+00,3.714999999999999858e+00,5.495999813079833984e+00,-7.028377652168273926e-01
2.128926381480458829e+01,1.707907865897596267e+01,4.152936033938919635e+00,3.752270334672965113e+00,2.042748645723632350e+01,1.771509126496891184e+01,4.266832383784627147e+00,3.370387753984771528e+00,2.049592697291758014e+01,1.767645895372040599e+01,4.297281592785950899e+00,3.358179317198290104e+00,2.115964187640002336e+01,1.747760386737379790e+01,4.192000000000000171e+00,3.555000000000000160e+00,5.495999813079833984e+00,-6.282824873924255371e-01
1.895476068569057659e+01,1.925957424900041559e+01,4.563784204380163523e+00,3.315531995295743606e+00,2.092565513219617657e+01,1.801227688544023664e+01,4.297281592785950899e+00,3.358179317198290104e+00,2.076937108649543262e+01,1.811620827301199910e+01,4.227854484901929055e+00,3.406459218378551590e+00,2.156108821958464361e+01,1.781531520218184994e+01,4.397000000000000242e+00,3.192000000000000171e+00,5.434000015258789062e+00,-6.282824873924255371e-01
2.480583061260593425e+01,2.175955505629073272e+01,4.714919117342026844e+00,2.214321537046203936e+00,2.119215653498562446e+01,1.845685419484985346e+01,4.227854484901929055e+00,3.406459218378551590e+00,2.151761890526935872e+01,1.868901090084391114e+01,4.388766136401446083e+00,3.497106032385466801e+00,2.209331382790197651e+01,1.814332003825073514e+01,5.219999999999999751e+00,1.800000000000000044e+00,5.520999908447265625e+00,-4.390671849250793457e-01
2.344385333331209864e+01,1.637548382571694816e+01,5.230057971449853405e+00,1.173070776444573804e+00,2.195649551890950235e+01,1.903872150408245645e+01,4.388766136401446083e+00,3.497106032385466801e+00,2.211600894011051821e+01,1.872049157176102696e+01,4.477073577446944341e+00,3.310811799452134885e+00,2.268638719574792262e+01,1.835939593548730642e+01,5.387999999999999901e+00,1.209000000000000075e+00,5.520999908447265625e+00,-2.206423878669738770e-01
2.585540951817250388e+01,1.514961405032012642e+01,5.642837790028754519e+00,-4.280299243787902275e-02,2.256371629785521193e+01,1.905157275170623876e+01,4.477073577446944341e+00,3.310811799452134885e+00,2.288897418864008060e+01,1.858738120459699417e+01,4.648516572745600151e+00,3.039649322802164821e+00,2.331904043263499915e+01,1.843937869387287520e+01,5.580000000000000071e+00,-4.100000000000000172e-02,5.579999923706054688e+00,7.585220970213413239e-03
2.585540951817250388e+01,1.514961405032012642e+01,5.673537592791048745e+00,-9.648821173603220336e-01,2.335382584591464195e+01,1.889134613687721043e+01,4.648516572745600151e+00,3.039649322802164821e+00,2.360655642135983001e+01,1.841476977451203467e+01,4.783595402262711183e+00,2.752459752600889153e+00,2.385870803862865230e+01,1.839743609739353403e+01,5.636999999999999567e+00,-6.340000000000000080e-01,5.672999858856201172e+00,1.684553772211074829e-01
2.333566965191247533e+01,2.050318308119703303e+01,5.293806309467878890e+00,-1.528305362195645944e+00,2.408491596158610193e+01,1.869001574977212243e+01,4.783595402262711183e+00,2.752459752600889153e+00,2.404181056546842399e+01,1.867285824032326147e+01,4.771293789174903210e+00,2.677286900234590927e+00,2.447264780123304817e+01,1.825893969748317147e+01,5.216999999999999638e+00,-1.350000000000000089e+00,5.388000011444091797e+00,2.810549736022949219e-01
2.333566965191247533e+01,2.050318308119703303e+01,5.406215262905458729e+00,-1.560757476280402400e+00,2.451893994438591307e+01,1.894058693034672203e+01,4.771293789174903210e+00,2.677286900234590927e+00,2.444405131291465949e+01,1.890391516491433421e+01,4.745980534841548248e+00,2.593596209313711043e+00,2.447264780123304817e+01,1.825893969748317147e+01,5.177999999999999936e+00,-1.764999999999999902e+00,5.471000194549560547e+00,2.810549736022949219e-01
2.807409323785388011e+01,1.726958818669301010e+01,5.042616015629872273e+00,-1.846326755971885669e+00,2.491864936639881378e+01,1.916327478584570443e+01,4.745980534841548248e+00,2.593596209313711043e+00,2.519770330939000402e+01,1.882585264482035114e+01,4.882031216917998684e+00,2.365124947634040353e+00,2.506848634779888840e+01,1.806763835184902334e+01,5.182000000000000384e+00,-2.158999999999999808e+00,5.613999843597412109e+00,3.509845435619354248e-01
2.421627248801419086e+01,1.697886390937121703e+01,5.278714739391038968e+00,-2.314922460153366224e+00,2.568590643108180416e+01,1.906236513958375411e+01,4.882031216917998684e+00,2.365124947634040353e+00,2.557726635879471644e+01,1.869929557558232958e+01,4.837092131215360524e+00,2.120816734091272693e+00,2.564887250925739437e+01,1.783690066614460434e+01,5.123999999999999666e+00,-2.294000000000000039e+00,5.613999843597412109e+00,4.132822155952453613e-01
2.468385399908231292e+01,2.037585826244504972e+01,5.024568875603512730e+00,-2.445291314048863907e+00,2.606097557191625214e+01,1.891137724899145667e+01,4.837092131215360524e+00,2.120816734091272693e+00,2.595182781369609515e+01,1.885331992815870450e+01,4.788635758078026328e+00,2.021918461255206356e+00,2.622900308664836899e+01,1.757070727676943989e+01,4.926999999999999602e+00,-2.435000000000000053e+00,5.495999813079833984e+00,4.529243409633636475e-01
2.586543889352909886e+01,1.668291975557109197e+01,5.040634396779508641e+00,-2.628921685293546862e+00,2.643069138950389885e+01,1.905551177428422349e+01,4.788635758078026328e+00,2.021918461255206356e+00,2.639287089101640404e+01,1.866912958949009749e+01,4.774776661713072023e+00,1.767095926729270516e+00,2.670445551001165896e+01,1.733218951544209574e+01,4.972000000000000419e+00,-2.564999999999999947e+00,5.593999862670898438e+00,4.807353019714355469e-01
2.586543889352909886e+01,1.668291975557109197e+01,4.756248976847850862e+00,-2.628012906373614843e+00,2.687034855718771098e+01,1.884583918216302578e+01,4.774776661713072023e+00,1.767095926729270516e+00,2.678450782899970761e+01,1.848741273794032836e+01,4.734067057740237949e+00,1.529446496154355462e+00,2.670445551001165896e+01,1.733218951544209574e+01,4.899000000000000021e+00,-2.678999999999999826e+00,5.583000183105468750e+00,5.047904253005981445e-01
2.815464498083343159e+01,1.228060384114897907e+01,4.734702261155574021e+00,-2.731254542139194719e+00,2.725791453477373238e+01,1.864035738755576332e+01,4.734067057740237949e+00,1.529446496154355462e+00,2.733388037452024477e+01,1.793187899898422799e+01,4.769846299732139805e+00,1.129079485929468385e+00,2.781854642885687667e+01,1.672052569696094793e+01,4.729000000000000092e+00,-2.717999999999999972e+00,5.454999923706054688e+00,5.232300758361816406e-01
2.815464498083343159e+01,1.228060384114897907e+01,4.884556416095463760e+00,-2.817699226252892597e+00,2.781086500449345777e+01,1.804478694757717605e+01,4.769846299732139805e+00,1.129079485929468385e+00,2.784455236956611301e+01,1.739926449206652137e+01,4.787505954954096588e+00,7.632775820853685556e-01,2.781854642885687667e+01,1.672052569696094793e+01,4.778999999999999915e+00,-2.751999999999999780e+00,5.514999866485595703e+00,5.232300758361816406e-01
2.792883177107755799e+01,1.676122404677788325e+01,4.776145131480653561e+00,-2.737419212146391612e+00,2.832330296506152223e+01,1.747559225027505647e+01,4.787505954954096588e+00,7.632775820853685556e-01,2.828944386716462134e+01,1.727550604808952528e+01,4.771385169196102893e+00,6.142042303749996046e-01,2.837689889990000935e+01,1.639791007351130858e+01,4.804000000000000270e+00,-2.708000000000000185e+00,5.514999866485595703e+00,4.986132979393005371e-01
3.095829643296295330e+01,1.854872722865073698e+01,4.790834799363373975e+00,-2.608625326267067557e+00,2.876658238408423074e+01,1.733692647112702545e+01,4.771385169196102893e+00,6.142042303749996046e-01,2.895296465217909798e+01,1.731103966989666532e+01,4.859448770611487056e+00,5.515084616942493856e-01,2.883694948281633685e+01,1.613893695150659369e+01,4.907000000000000028e+00,-2.620000000000000107e+00,5.563000202178955078e+00,4.986132979393005371e-01
2.713170255710471324e+01,1.860597606015828021e+01,4.842041841017292292e+00,-2.559719203463916681e+00,2.943890952924024518e+01,1.736619051606609077e+01,4.859448770611487056e+00,5.515084616942493856e-01,2.924282832276572108e+01,1.734712406767269854e+01,4.766850681713454385e+00,4.937732032605668397e-01,2.939734090880995154e+01,1.583838362996282534e+01,4.855000000000000426e+00,-2.536999999999999922e+00,5.478000164031982422e+00,4.862998127937316895e-01
3.012186996663595906e+01,1.749704952475477526e+01,4.901499811220777936e+00,-2.582033922692383854e+00,2.971951339093706679e+01,1.739650138799875378e+01,4.766850681713454385e+00,4.937732032605668397e-01,2.975895619092106514e+01,1.728237074255141437e+01,4.787532527465081955e+00,3.918320610460274689e-01,2.995556654048818146e+01,1.554580016448742263e+01,4.873000000000000220e+00,-2.565999999999999837e+00,5.506999969482421875e+00,4.848448634147644043e-01
2.838123334929644415e+01,1.203489895114316788e+01,4.761542932367126113e+00,-2.742760041549204608e+00,3.023770944366757263e+01,1.732155394865601750e+01,4.787532527465081955e+00,3.918320610460274689e-01,3.007945666861461120e+01,1.674886205669360351e+01,4.712611880812191067e+00,7.305619106764960069e-02,3.050849927956057073e+01,1.524273772544481176e+01,4.740999999999999659e+00,-2.734999999999999876e+00,5.473999977111816406e+00,5.226030349731445312e-01
3.069328401967405284e+01,1.015405078218753943e+01,4.727749274999368367e+00,-2.847410820769589623e+00,3.055071785669582951e+01,1.675616767580036992e+01,4.712611880812191067e+00,7.305619106764960069e-02,3.056339471436147193e+01,1.608061402506850257e+01,4.718817997312324763e+00,-2.907959183764795563e-01,3.096072591829380372e+01,1.497707934691674758e+01,4.626000000000000334e+00,-2.805000000000000160e+00,5.409999847412109375e+00,5.420914888381958008e-01
3.069328401967405284e+01,1.015405078218753943e+01,4.595542733183722639e+00,-2.719667004822645229e+00,3.103527651409270405e+01,1.605153443323085583e+01,4.718817997312324763e+00,-2.907959183764795563e-01,3.100139929063607269e+01,1.545525530382879253e+01,4.700935042532659480e+00,-6.096172164866004994e-01,3.096072591829380372e+01,1.497707934691674758e+01,4.633000000000000007e+00,-2.794000000000000039e+00,5.409999847412109375e+00,5.343722701072692871e-01
3.166472016294172676e+01,1.915812535518819715e+01,4.605008930945863277e+00,-2.725269151774499132e+00,3.147149279488933971e+01,1.539429358218013277e+01,4.700935042532659480e+00,-6.096172164866004994e-01,3.148403135623407323e+01,1.562867534158020177e+01,4.705335498995974142e+00,-5.324143518093032990e-01,3.149353231485640237e+01,1.465530200335990330e+01,4.695999999999999730e+00,-2.572999999999999954e+00,5.354000091552734375e+00,5.343722701072692871e-01
3.090607585029740889e+01,1.443653470317315168e+01,5.000599405825910893e+00,-2.595372729530225797e+00,3.195456490613366896e+01,1.557543390639927061e+01,4.705335498995974142e+00,-5.324143518093032990e-01,3.187754667179784462e+01,1.539672775748725364e+01,4.673698847970159775e+00,-6.488873368622232185e-01,3.203097642956598889e+01,1.435159774074606887e+01,4.998000000000000220e+00,-2.318999999999999950e+00,5.510000228881835938e+00,4.787415266036987305e-01
3.459987296142073632e+01,9.708923772199332447e+00,4.826224209114816865e+00,-2.126649396069050901e+00,3.234491655659486042e+01,1.533183902380103092e+01,4.673698847970159775e+00,-6.488873368622232185e-01,3.254195981145046090e+01,1.479673713821113878e+01,4.768866468233122546e+00,-9.239974165424034158e-01,3.259639658022432229e+01,1.407750411256560774e+01,4.850999999999999979e+00,-2.099000000000000199e+00,5.284999847412109375e+00,4.150467514991760254e-01
3.156754888582299756e+01,1.327887411411676233e+01,5.135323810642907993e+00,-2.120751740673087582e+00,3.301884645827377085e+01,1.470433739655689820e+01,4.768866468233122546e+00,-9.239974165424034158e-01,3.291055508941214214e+01,1.453590259503587312e+01,4.723620697948932801e+00,-1.022059365495717298e+00,3.316360773178786303e+01,1.383601947102213892e+01,5.049999999999999822e+00,-2.076000000000000068e+00,5.460999965667724609e+00,3.916400074958801270e-01
3.496099986102953494e+01,1.430756445241235575e+01,5.017677439368458003e+00,-1.946493459008169058e+00,3.338291715920703240e+01,1.443369665848630135e+01,4.723620697948932801e+00,-1.022059365495717298e+00,3.352828252948883403e+01,1.438615444225984596e+01,4.796673848721170863e+00,-1.058931708118066028e+00,3.363964571028810724e+01,1.364216513914000295e+01,5.214999999999999858e+00,-1.901000000000000023e+00,5.551000118255615234e+00,3.700556457042694092e-01
3.496099986102953494e+01,1.430756445241235575e+01,5.237702000620835463e+00,-2.031846966576961844e+00,3.400794991436094961e+01,1.428026127144803858e+01,4.796673848721170863e+00,-1.058931708118066028e+00,3.410624455509891817e+01,1.424377965361699694e+01,4.849867126606887346e+00,-1.091355965458314037e+00,3.363964571028810724e+01,1.364216513914000295e+01,5.254999999999999893e+00,-1.790000000000000036e+00,5.551000118255615234e+00,3.700556457042694092e-01
3.597504974882236439e+01,1.268826903439478571e+01,5.291496390415830753e+00,-1.777297802888989420e+00,3.459123126775960344e+01,1.413464405707116534e+01,4.849867126606887346e+00,-1.091355965458314037e+00,3.472602955276742875e+01,1.398480650527125491e+01,4.920257433882914810e+00,-1.172656197103520315e+00,3.423072923706696002e+01,1.342847724252331432e+01,5.312999999999999723e+00,-1.784999999999999920e+00,5.605000019073486328e+00,3.275423049926757812e-01
3.799490846656004095e+01,1.477142663264384304e+01,5.075040467272000200e+00,-1.724402994321812654e+00,3.521805529615571828e+01,1.386754088556090281e+01,4.920257433882914810e+00,-1.172656197103520315e+00,3.545938526398528978e+01,1.392208637268929827e+01,5.036312512395777041e+00,-1.155620316769701228e+00,3.484100641319036384e+01,1.322501654875000376e+01,5.067999999999999616e+00,-1.842999999999999972e+00,5.393000125885009766e+00,3.275423049926757812e-01
3.435404957799808301e+01,1.628960891110413201e+01,5.164102176931565147e+00,-1.915753525795435896e+00,3.596301651522486509e+01,1.380652434101232728e+01,5.036312512395777041e+00,-1.155620316769701228e+00,3.583185639297266079e+01,1.398649534092009539e+01,4.976558871803444362e+00,-1.082793990740876122e+00,3.544278825835257862e+01,1.301364894158928820e+01,5.024000000000000021e+00,-1.961000000000000076e+00,5.393000125885009766e+00,3.552373647689819336e-01
3.763608624044248074e+01,1.422837229038407791e+01,5.055837381564032285e+00,-2.160211555645278114e+00,3.632951228015300416e+01,1.387821594184600826e+01,4.976558871803444362e+00,-1.082793990740876122e+00,3.644332078102883798e+01,1.386490834523512206e+01,5.031387615839935989e+00,-1.105944536312543081e+00,3.592691339512572313e+01,1.282409854148675166e+01,5.152999999999999581e+00,-2.201999999999999957e+00,5.603000164031982422e+00,4.037924408912658691e-01
3.694440384197917382e+01,1.383134587117450742e+01,4.723297319702879804e+00,-2.388789185312504948e+00,3.694645954261282839e+01,1.375431389160386786e+01,5.031387615839935989e+00,-1.105944536312543081e+00,3.693400075661644166e+01,1.370968559626668792e+01,5.020693214299748242e+00,-1.147061666122152213e+00,3.651096643539617048e+01,1.255551905888488662e+01,4.685999999999999943e+00,-2.568000000000000060e+00,5.343999862670898438e+00,4.682339131832122803e-01
3.840447296187906545e+01,1.365077669843524433e+01,4.568345364983048995e+00,-2.722378173980770200e+00,3.743607007804641995e+01,1.359497942965447237e+01,5.020693214299748242e+00,-1.147061666122152213e+00,3.750004260432778125e+01,1.353689094647596214e+01,5.043725494995585201e+00,-1.199099940610388382e+00,3.705806840983218109e+01,1.225949378264341938e+01,4.589999999999999858e+00,-2.736000000000000210e+00,5.343999862670898438e+00,5.374156832695007324e-01
3.763324110217938312e+01,1.506347246428301645e+01,4.456295732814322008e+00,-3.081583154677538960e+00,3.800441515382733826e+01,1.341698095241492261e+01,5.043725494995585201e+00,-1.199099940610388382e+00,3.794955925148430254e+01,1.348135271791730183e+01,5.008690904262993904e+00,-1.198292002402159717e+00,3.756884683672241465e+01,1.193369670242086045e+01,4.322000000000000064e+00,-2.991000000000000103e+00,5.256000041961669922e+00,6.050067543983459473e-01
3.763324110217938312e+01,1.506347246428301645e+01,4.383869037256030055e+00,-3.413331341946137076e+00,3.845042834191060166e+01,1.336152351767708524e+01,5.008690904262993904e+00,-1.198292002402159717e+00,3.835631081012429178e+01,1.341733146723924719e+01,4.954584128238913365e+00,-1.206727952635570311e+00,3.756884683672241465e+01,1.193369670242086045e+01,4.453999999999999737e+00,-3.270000000000000018e+00,5.525000095367431641e+00,6.615625023841857910e-01
4.123413576218608512e+01,1.014014430330312955e+01,4.096758152442697032e+00,-3.493426219468211968e+00,3.885176922294818525e+01,1.329665867197569007e+01,4.954584128238913365e+00,-1.206727952635570311e+00,3.901931549344173789e+01,1.293816987181741140e+01,5.020029286985400852e+00,-1.411357028020353122e+00,3.847824014723510544e+01,1.124048419327904469e+01,4.157000000000000028e+00,-3.416999999999999815e+00,5.381000041961669922e+00,7.060765027999877930e-01
4.123413576218608512e+01,1.014014430330312955e+01,4.296878411746638982e+00,-3.664074652908766883e+00,3.952131842214027557e+01,1.279703416901537594e+01,5.020029286985400852e+00,-1.411357028020353122e+00,3.963753384192208529e+01,1.248221106352825061e+01,5.063416056302443735e+00,-1.594893743593133628e+00,3.847824014723510544e+01,1.124048419327904469e+01,3.998000000000000220e+00,-3.782999999999999918e+00,5.504000186920166016e+00,7.060765027999877930e-01
3.788479115037370093e+01,1.076863974727728923e+01,3.816080268749076687e+00,-3.800858990706268425e+00,4.014387544755233250e+01,1.232272168916893662e+01,5.063416056302443735e+00,-1.594893743593133628e+00,3.990282881952342819e+01,1.210315417531290905e+01,4.930372539521839848e+00,-1.732847033240340950e+00,3.894745935480504784e+01,1.081392283752369643e+01,3.956999999999999851e+00,-3.975999999999999979e+00,5.610000133514404297e+00,7.833998203277587891e-01
3.926781584333427588e+01,9.035422519115874351e+00,3.873074585264684622e+00,-3.728360025222876128e+00,4.039586607347560943e+01,1.192986947198887471e+01,4.930372539521839848e+00,-1.732847033240340950e+00,4.025817868246501519e+01,1.160518453037618158e+01,4.848973515271065793e+00,-1.916996386111255335e+00,3.940073312836616282e+01,1.036157508137570993e+01,3.931000000000000050e+00,-3.677000000000000046e+00,5.382999897003173828e+00,7.663626670837402344e-01
4.370681442285054885e+01,1.150388462848646576e+01,4.194619013750240377e+00,-3.182042570987745567e+00,4.074307603399212496e+01,1.141348489176505687e+01,4.848973515271065793e+00,-1.916996386111255335e+00,4.096796897895353595e+01,1.137069836708285919e+01,4.944608840063718702e+00,-1.956967404930972432e+00,3.986804498724221446e+01,9.949554398503272168e+00,4.442000000000000171e+00,-3.205000000000000071e+00,5.477000236511230469e+00,6.489831209182739258e-01
4.028322870741194350e+01,1.373763795142499688e+01,4.844333748059727718e+00,-2.789360543806094661e+00,4.146242986295990818e+01,1.117500162658976137e+01,4.944608840063718702e+00,-1.956967404930972432e+00,4.135857076860640547e+01,1.135882815053016692e+01,4.894135704538491005e+00,-1.883458183360503968e+00,4.029680360883144630e+01,9.656316712694991367e+00,4.610000000000000320e+00,-2.818999999999999950e+00,5.403999805450439453e+00,5.224342346191406250e-01
3.850180591600854285e+01,8.691940619866791451e+00,5.333125893928039041e+00,-1.954524558413385238e+00,4.184798433906025394e+01,1.117048233219411735e+01,4.894135704538491005e+00,-1.883458183360503968e+00,4.158211706293491972e+01,1.095775312345442565e+01,4.775832688064165055e+00,-1.984734673232734226e+00,4.087076486664302877e+01,9.378020241985488781e+00,5.230999999999999872e+00,-2.091000000000000192e+00,5.633999824523925781e+00,3.512869477272033691e-01
3.850180591600854285e+01,8.691940619866791451e+00,5.090881884610727326e+00,-1.865745130596338397e+00,4.205970033174133960e+01,1.075927965613115234e+01,4.775832688064165055e+00,-1.984734673232734226e+00,4.177096188682821065e+01,1.058895141138981266e+01,4.644818525865662906e+00,-2.063068366949114552e+00,4.149005426497061677e+01,9.198736622487830417e+00,5.477999999999999758e+00,-1.207000000000000073e+00,5.610000133514404297e+00,1.927844285964965820e-01
3.823093689974873399e+01,1.076856382164125137e+01,5.494294663156237490e+00,-1.072534712554535918e+00,4.223544373941477659e+01,1.038264457469490054e+01,4.644818525865662906e+00,-2.063068366949114552e+00,4.193019344500383028e+01,1.045482239208942765e+01,4.514405078149700046e+00,-2.013560577734329726e+00,4.149005426497061677e+01,9.198736622487830417e+00,5.628999999999999559e+00,-5.120000000000000107e-01,5.651999950408935547e+00,7.227203994989395142e-02
4.106251157836096155e+01,1.206795664102684285e+01,5.525537862233345976e+00,-4.000386360806778563e-01,4.238163395281880241e+01,1.025346633431599486e+01,4.514405078149700046e+00,-2.013560577734329726e+00,4.231024152911632541e+01,1.047146364950683761e+01,4.496636159198993177e+00,-1.885631058656914938e+00,4.210586656621379831e+01,9.111760095143004889e+00,5.647000000000000242e+00,-2.280000000000000082e-01,5.651999950408935547e+00,7.227203994989395142e-02
4.421518529983710977e+01,7.686283424607915471e+00,5.470531925347457580e+00,7.157920449103456761e-02,4.275990514503622819e+01,1.028290054364114603e+01,4.496636159198993177e+00,-1.885631058656914938e+00,4.292197847346839978e+01,1.014104694262543838e+01,4.588210185305380939e+00,-1.921749935018902899e+00,4.275291933106069564e+01,9.089477970702077414e+00,5.589000000000000412e+00,2.109999999999999931e-01,5.592999935150146484e+00,-1.308375876396894455e-02
4.263518573358370389e+01,7.280931069820836932e+00,5.305501553640204371e+00,3.786974899516967752e-01,4.338079949199893548e+01,9.948871949123548220e+00,4.588210185305380939e+00,-1.921749935018902899e+00,4.334625816223942962e+01,9.814664414417125116e+00,4.583187541463770387e+00,-1.948889654660444837e+00,4.328026880333407433e+01,9.109102681059379591e+00,5.500000000000000000e+00,5.679999999999999494e-01,5.530000209808349609e+00,-7.125741243362426758e-02
4.698894824096437617e+01,1.195998568797651807e+01,5.471351737255410796e+00,7.680730570995988327e-01,4.380457691638580542e+01,9.619775448951081387e+00,4.583187541463770387e+00,-1.948889654660444837e+00,4.410966005366940834e+01,9.926291635402748170e+00,4.740753680242099755e+00,-1.761988792553275118e+00,4.390424837138336045e+01,9.170889809137053206e+00,5.475999999999999979e+00,7.700000000000000178e-01,5.530000209808349609e+00,-1.394694596529006958e-01
4.626392461359291985e+01,6.586267426557705917e+00,5.385341365120698498e+00,1.188832161600650306e+00,4.458373542169361770e+01,9.750092756147420658e+00,4.740753680242099755e+00,-1.761988792553275118e+00,4.475172447054394809e+01,9.599823981845752030e+00,4.829952359551088037e+00,-1.786498573134574386e+00,4.452641786623083675e+01,9.279767468840033118e+00,5.355999999999999872e+00,1.187000000000000055e+00,5.486000061035156250e+00,-2.172687649726867676e-01
4.432223273777601946e+01,8.870572283575715034e+00,5.105297807876657323e+00,1.456507965960921247e+00,4.523471970649905671e+01,9.421174124532294414e+00,4.829952359551088037e+00,-1.786498573134574386e+00,4.516842469884134914e+01,9.503856928079020605e+00,4.803052665000786980e+00,-1.696744963504067005e+00,4.513726533981157729e+01,9.432459786138903013e+00,5.307000000000000384e+00,1.512999999999999901e+00,5.518000125885009766e+00,-2.779105305671691895e-01
4.432223273777601946e+01,8.870572283575715034e+00,5.331345394772455393e+00,1.891667522412375568e+00,4.564872996534143113e+01,9.334182431728613949e+00,4.803052665000786980e+00,-1.696744963504067005e+00,4.555746039799286251e+01,9.438004737504959607e+00,4.768357847155554552e+00,-1.591624872465856821e+00,4.513726533981157729e+01,9.432459786138903013e+00,5.250000000000000000e+00,1.697999999999999954e+00,5.518000125885009766e+00,-3.409622609615325928e-01
4.593352447425784391e+01,1.286713881815544269e+01,5.097621792939251328e+00,1.808737733762284750e+00,4.603429618270841672e+01,9.278842250258373170e+00,4.768357847155554552e+00,-1.591624872465856821e+00,4.603889128325263158e+01,9.718302402243962135e+00,4.775681486925600794e+00,-1.331417930644618774e+00,4.564170564697072763e+01,9.589050248317269265e+00,5.059999999999999609e+00,2.033999999999999808e+00,5.453999996185302734e+00,-3.409622609615325928e-01
4.700323708354383001e+01,1.307750602088502845e+01,5.043113558391674189e+00,2.113298116207949384e+00,4.651645943194519361e+01,9.585160609179499858e+00,4.775681486925600794e+00,-1.331417930644618774e+00,4.656834573918747822e+01,1.001826366377333244e+01,4.804303024046943094e+00,-1.073509119886260965e+00,4.622571672487777761e+01,9.813950494357040810e+00,5.003000000000000114e+00,2.248000000000000220e+00,5.485000133514404297e+00,-3.968170285224914551e-01
5.043636406969828556e+01,8.312217667861959924e+00,5.026156921345403816e+00,2.299016105605192095e+00,4.704877604159216986e+01,9.910912751784707098e+00,4.804303024046943094e+00,-1.073509119886260965e+00,4.734450036743641732e+01,9.910002071642123767e+00,4.947020536685015735e+00,-1.021085448861424494e+00,4.679938806628069869e+01,1.006505007976697286e+01,4.985000000000000320e+00,2.287999999999999812e+00,5.485000133514404297e+00,-4.289992451667785645e-01
5.072594250755511069e+01,1.166659553364613089e+01,4.797157284607267869e+00,2.174528242242108611e+00,4.783920242110492183e+01,9.807893526755981028e+00,4.947020536685015735e+00,-1.021085448861424494e+00,4.807769066719428963e+01,1.009271871849990809e+01,5.056963289790574301e+00,-8.368965365118870015e-01,4.737018121807806637e+01,1.032652659709099119e+01,4.939000000000000057e+00,2.261000000000000121e+00,5.432000160217285156e+00,-4.255908131599426270e-01
4.669604529464390907e+01,1.184926111912528413e+01,5.022206506302851814e+00,2.229902587635528732e+00,4.858338699617334555e+01,1.000902906484872013e+01,5.056963289790574301e+00,-8.368965365118870015e-01,4.842217141382984380e+01,1.028715381784319227e+01,4.980510822798899007e+00,-6.578812159322069419e-01,4.784421266626631564e+01,1.053879828791523110e+01,4.985000000000000320e+00,2.220000000000000195e+00,5.456999778747558594e+00,-4.178602695465087891e-01
4.970320095151355133e+01,1.121343119452629011e+01,4.964739230576764584e+00,2.218830901909920605e+00,4.892022249610973716e+01,1.022136569624997193e+01,4.980510822798899007e+00,-6.578812159322069419e-01,4.898590022582275338e+01,1.042008392187617183e+01,5.011187781345740611e+00,-5.192331173112899600e-01,4.841546548926366711e+01,1.079331775036366814e+01,5.011000000000000121e+00,2.229999999999999982e+00,5.456999778747558594e+00,-4.202879071235656738e-01
4.970320095151355133e+01,1.121343119452629011e+01,5.065454779359509274e+00,2.198556359681215433e+00,4.948701900395732878e+01,1.036816061014504342e+01,5.011187781345740611e+00,-5.192331173112899600e-01,4.950749021602570821e+01,1.054811066658987251e+01,5.021677022106083577e+00,-3.919124963143717499e-01,4.841546548926366711e+01,1.079331775036366814e+01,5.011000000000000121e+00,2.229999999999999982e+00,5.484000205993652344e+00,-4.094937145709991455e-01
4.956415678540302849e+01,1.153595139008573156e+01,5.253492477102184921e+00,2.164703816631736721e+00,5.000965791823631434e+01,1.050891941695843457e+01,5.021677022106083577e+00,-3.919124963143717499e-01,4.998117394766082100e+01,1.069783538762815667e+01,5.011898338327429592e+00,-2.628961286305039335e-01,4.948766244925086966e+01,1.125667472114898260e+01,5.232000000000000206e+00,2.154999999999999805e+00,5.657999992370605469e+00,-3.908513188362121582e-01
5.193207658833491536e+01,1.177254132945556719e+01,4.965772594568786502e+00,2.067545779400485895e+00,5.048236378149356085e+01,1.067154577476510546e+01,5.011898338327429592e+00,-2.628961286305039335e-01,5.060329363845710304e+01,1.085770695457025070e+01,5.068114868022671082e+00,-1.387213318248678995e-01,4.997004999212143872e+01,1.145525164855583533e+01,5.099000000000000199e+00,2.133000000000000007e+00,5.526999950408935547e+00,-3.945292234420776367e-01
5.193207658833491536e+01,1.177254132945556719e+01,4.954694385643651167e+00,2.062933263690134300e+00,5.111010512525937344e+01,1.084383482138776422e+01,5.068114868022671082e+00,-1.387213318248678995e-01,5.117519136176856875e+01,1.101027046508452045e+01,5.096983021659459823e+00,-2.585252043931729471e-02,4.997004999212143872e+01,1.145525164855583533e+01,5.099000000000000199e+00,2.133000000000000007e+00,5.526999950408935547e+00,-3.945292234420776367e-01
4.695631255222978240e+01,7.931118919884400320e+00,5.446761336976655876e+00,2.270372702474775739e+00,5.168488966393451278e+01,1.100768521304058822e+01,5.096983021659459823e+00,-2.585252043931729471e-02,5.129839663023056318e+01,1.083870484669014544e+01,4.920485709834213850e+00,-6.943106999754763975e-02,5.095263971360716937e+01,1.186645026437751582e+01,5.120000000000000107e+00,2.133999999999999897e+00,5.546999931335449219e+00,-3.949301540851593018e-01
4.695631255222978240e+01,7.931118919884400320e+00,4.971404388926862872e+00,2.072229737873535260e+00,5.179044520121398421e+01,1.083176173969039091e+01,4.920485709834213850e+00,-6.943106999754763975e-02,5.138309655662501996e+01,1.067151641805341633e+01,4.729485035457789088e+00,-1.113190083754454496e-01,5.095263971360716937e+01,1.186645026437751582e+01,5.121000000000000441e+00,2.132000000000000117e+00,5.546999931335449219e+00,-3.949301540851593018e-01
5.049708344005067318e+01,1.382231278704437827e+01,5.107323874335715885e+00,2.136009445367015758e+00,5.185604506017079984e+01,1.066038451721587244e+01,4.729485035457789088e+00,-1.113190083754454496e-01,5.175602709415168334e+01,1.101776193191829556e+01,4.688313229522184322e+00,9.216982715316296426e-02,5.153877557810584165e+01,1.211059661228628137e+01,5.003000000000000114e+00,2.092000000000000082e+00,5.422999858856201172e+00,-3.961180150508880615e-01
5.486634148682207268e+01,6.918065503469168043e+00,4.910636994533345678e+00,2.148312300201005609e+00,5.222485841710390275e+01,1.102697891463361124e+01,4.688313229522184322e+00,9.216982715316296426e-02,5.245741751363685523e+01,1.076100115915956934e+01,4.801296987111757453e+00,-8.420467718579238703e-04,5.201615442324791871e+01,1.231332011541735305e+01,4.927999999999999936e+00,2.253000000000000114e+00,5.418000221252441406e+00,-4.123948216438293457e-01
5.049371005577231131e+01,1.031181402460319951e+01,4.938529371382193389e+00,2.283726884272561097e+00,5.293754721234802929e+01,1.076091695448238283e+01,4.801296987111757453e+00,-8.420467718579238703e-04,5.273606260116483924e+01,1.081397878106641031e+01,4.708579316420276939e+00,5.994450106562611291e-02,5.248927606676110713e+01,1.252490516022463574e+01,4.958000000000000185e+00,2.317000000000000171e+00,5.473000049591064453e+00,-4.331429600715637207e-01
5.373998726888297739e+01,1.550914831436590013e+01,4.831713914847504121e+00,2.257306270330185605e+00,5.320692053280686906e+01,1.081997323117297327e+01,4.708579316420276939e+00,5.994450106562611291e-02,5.325697316584714969e+01,1.130469332527708559e+01,4.734076120337879168e+00,3.226091281945055456e-01,5.296388162702367453e+01,1.274617190636569930e+01,4.950999999999999623e+00,2.323999999999999844e+00,5.468999862670898438e+00,-4.370530545711517334e-01
5.523597003488337975e+01,1.116959305037257266e+01,4.987655108875387988e+00,2.322778276070699199e+00,5.373038077788093858e+01,1.133695423809653668e+01,4.734076120337879168e+00,3.226091281945055456e-01,5.386799286499511652e+01,1.140253532638979550e+01,4.802844235405856921e+00,3.848333598434331426e-01,5.353322900824147013e+01,1.301310820856264527e+01,4.974999999999999645e+00,2.318000000000000060e+00,5.488999843597412109e+00,-4.358375668525695801e-01
5.238366450378553196e+01,1.399591834808224888e+01,5.108677390347163616e+00,2.199376518997380181e+00,5.434827728853570505e+01,1.144101866237413923e+01,4.802844235405856921e+00,3.848333598434331426e-01,5.419409856803576275e+01,1.172973306890510337e+01,4.735042596994361475e+00,5.492100788503084807e-01,5.401462091479584871e+01,1.323141284297053843e+01,5.208000000000000185e+00,2.197000000000000064e+00,5.651999950408935547e+00,-4.065349698066711426e-01
5.777645529789091228e+01,1.834689088203922580e+01,4.783923992794694158e+00,1.893434983012910688e+00,5.466760282773520174e+01,1.178465407679013488e+01,4.735042596994361475e+00,5.492100788503084807e-01,5.493282536040384656e+01,1.239397687383320346e+01,4.860687717701957844e+00,8.571735236308553052e-01,5.450498498968196515e+01,1.343430228542630722e+01,5.001999999999999780e+00,1.977000000000000091e+00,5.377999782562255859e+00,-3.768728375434875488e-01
5.658462168248716040e+01,1.139353509273184351e+01,5.166320993711349452e+00,2.060332288952130497e+00,5.541889413217404581e+01,1.247969422619628865e+01,4.860687717701957844e+00,8.571735236308553052e-01,5.552980059554435854e+01,1.243568709819613538e+01,4.917697353563327489e+00,8.553082046257654003e-01,5.509343256015751678e+01,1.366775222082727481e+01,5.241999999999999993e+00,2.092000000000000082e+00,5.644000053405761719e+00,-3.794720470905303955e-01
6.011520542163636094e+01,1.845214362381879170e+01,5.099100534222702485e+00,1.943713025922462867e+00,5.602157033090069405e+01,1.252121791865871181e+01,4.917697353563327489e+00,8.553082046257654003e-01,5.637547339871590424e+01,1.306687759262143800e+01,5.087174198361659627e+00,1.129287017251188185e+00,5.559288705886667969e+01,1.386633200932389798e+01,5.195000000000000284e+00,1.981999999999999984e+00,5.559999942779541016e+00,-3.641842007637023926e-01
5.693421031563980250e+01,1.176238770747451845e+01,5.350695301492707223e+00,1.754486039601397263e+00,5.688419081855207082e+01,1.317980629434655704e+01,5.087174198361659627e+00,1.129287017251188185e+00,5.689893427783722046e+01,1.308470105324363963e+01,5.098245869049393697e+00,1.094304850357400660e+00,5.609066309063062050e+01,1.404257197667689816e+01,5.216999999999999638e+00,1.701999999999999957e+00,5.487999916076660156e+00,-3.168514370918273926e-01
5.373203410228328636e+01,1.316770692134935139e+01,5.406579014359561342e+00,1.605771420671177063e+00,5.740875886474216117e+01,1.319413153827937890e+01,5.098245869049393697e+00,1.094304850357400660e+00,5.710968947060804624e+01,1.321228781675536545e+01,4.962262155812436681e+00,1.110869107265965550e+00,5.658846582471342401e+01,1.420308203996701124e+01,5.206000000000000405e+00,1.618000000000000105e+00,5.467999935150146484e+00,-2.887051999568939209e-01
5.816031737619129416e+01,1.642890758853748778e+01,5.453827063992574331e+00,1.301621275328446403e+00,5.760591568618929159e+01,1.332337472748196205e+01,4.962262155812436681e+00,1.110869107265965550e+00,5.767246574058419384e+01,1.359397304728347144e+01,5.001300559799689793e+00,1.241268723191434997e+00,5.719526590375242847e+01,1.436131949733665891e+01,5.318999999999999950e+00,1.266000000000000014e+00,5.467999935150146484e+00,-2.342794686555862427e-01
5.543742980042207336e+01,1.522841925869142088e+01,5.397477514193605330e+00,1.346925288654688968e+00,5.817259579656415980e+01,1.371809991960261499e+01,5.001300559799689793e+00,1.241268723191434997e+00,5.795676504664225348e+01,1.385021436426903740e+01,4.905886105761827487e+00,1.305130129794240590e+00,5.770804514021165232e+01,1.448597617453590480e+01,5.360000000000000320e+00,1.336000000000000076e+00,5.524000167846679688e+00,-2.445524334907531738e-01
5.543742980042207336e+01,1.522841925869142088e+01,5.365459410595633472e+00,1.338935261217341299e+00,5.844735365721843579e+01,1.398072737724846171e+01,4.905886105761827487e+00,1.305130129794240590e+00,5.821078285825193888e+01,1.408773621154495181e+01,4.801699788780855904e+00,1.356044631573101400e+00,5.770804514021165232e+01,1.448597617453590480e+01,5.365999999999999659e+00,1.332000000000000073e+00,5.528999805450439453e+00,-2.445524334907531738e-01
6.026096452762512001e+01,1.730651564865910075e+01,5.693038081283380514e+00,1.260903116842957195e+00,5.869095283713002686e+01,1.422334067470226238e+01,4.801699788780855904e+00,1.356044631573101400e+00,5.885945034836964851e+01,1.448064598430613970e+01,4.895004827512367207e+00,1.475704904132598028e+00,5.874032510778000216e+01,1.473354144319853276e+01,5.432000000000000384e+00,1.215000000000000080e+00,5.565999984741210938e+00,-2.179630547761917114e-01
6.071852494765361996e+01,1.338381774691479009e+01,5.671101906658142511e+00,1.167348586565483348e+00,5.934895083112088798e+01,1.462821647471939990e+01,4.895004827512367207e+00,1.475704904132598028e+00,5.949587917813599347e+01,1.451053915786456550e+01,4.976348102303346010e+00,1.415464562081224287e+00,5.936517252050587246e+01,1.486857218992806651e+01,5.442999999999999616e+00,1.139999999999999902e+00,5.560999870300292969e+00,-2.030061036348342896e-01
6.071852494765361996e+01,1.338381774691479009e+01,5.479236302330157571e+00,7.250503396645776588e-01,5.999351398836633109e+01,1.465208561407268739e+01,4.976348102303346010e+00,1.415464562081224287e+00,6.007496360536167401e+01,1.451715288593526054e+01,5.022579364591363671e+00,1.341112158577050240e+00,5.936517252050587246e+01,1.486857218992806651e+01,5.294999999999999929e+00,9.789999999999999813e-01,5.383999824523925781e+00,-1.315625458955764771e-01
5.906242932389671552e+01,1.463742335100093861e+01,5.520020382986379204e+00,9.250866650590103824e-01,6.057722154182081198e+01,1.465126410179296634e+01,5.022579364591363671e+00,1.341112158577050240e+00,6.046877602540460828e+01,1.463350353306056917e+01,4.979313819880992753e+00,1.326229923150596957e+00,6.039966882783829760e+01,1.503064532569753631e+01,5.512999999999999901e+00,7.369999999999999885e-01,5.561999797821044922e+00,-1.660445332527160645e-01
5.890447176966767273e+01,1.220786018596502842e+01,5.410932256427773090e+00,1.747113803220728512e+00,6.096670740739270400e+01,1.476612652537562909e+01,4.979313819880992753e+00,1.326229923150596957e+00,6.080927700759335153e+01,1.456626169464890097e+01,4.911952381436748283e+00,1.238720158905119106e+00,6.091304697098804866e+01,1.514516158385510280e+01,5.288000000000000256e+00,1.510999999999999899e+00,5.500000000000000000e+00,-3.123185932636260986e-01
5.890447176966767273e+01,1.220786018596502842e+01,5.555579012214577617e+00,1.793818203063476391e+00,6.130047224573702636e+01,1.469013371053941341e+01,4.911952381436748283e+00,1.238720158905119106e+00,6.112323048537398762e+01,1.450205594956970501e+01,4.838585317305922118e+00,1.158863628781947375e+00,6.091304697098804866e+01,1.514516158385510280e+01,5.174000000000000377e+00,2.383000000000000007e+00,5.696000099182128906e+00,-3.123185932636260986e-01
6.039865054188889815e+01,1.515551346473486127e+01,5.303527972975975224e+00,2.562164996065178446e+00,6.160708901710457752e+01,1.461794231244789977e+01,4.838585317305922118e+00,1.158863628781947375e+00,6.152329126603684983e+01,1.471942135053671841e+01,4.806415786931670375e+00,1.228636479485347266e+00,6.151857294115314545e+01,1.538455195685848054e+01,5.035999999999999588e+00,2.662999999999999812e+00,5.696000099182128906e+00,-4.500411152839660645e-01
6.282332779438124959e+01,1.907561488416130402e+01,4.763415988799085454e+00,2.848222293784361536e+00,6.200393284473001643e+01,1.484228499848525296e+01,4.806415786931670375e+00,1.228636479485347266e+00,6.207160882023703152e+01,1.526536375341054708e+01,4.837606906458223222e+00,1.453222899415939739e+00,6.200123895736974333e+01,1.563963885583809699e+01,4.711000000000000298e+00,2.817000000000000171e+00,5.488999843597412109e+00,-5.389011502265930176e-01
6.003485335442397997e+01,1.467108316634999277e+01,4.395298450783049482e+00,3.254429447144066234e+00,6.255536951088285491e+01,1.541068604335214154e+01,4.837606906458223222e+00,1.453222899415939739e+00,6.232428291091054717e+01,1.541987342356588186e+01,4.721868982399173298e+00,1.485776317740762797e+00,6.243810190261412885e+01,1.592501635809788851e+01,4.241999999999999993e+00,3.216000000000000192e+00,5.464000225067138672e+00,-6.373508572578430176e-01
6.279184286262528047e+01,1.262497349087519893e+01,4.801088987997538027e+00,2.972902904023539516e+00,6.279646980915046584e+01,1.556845105533995799e+01,4.721868982399173298e+00,1.485776317740762797e+00,6.279923676817732314e+01,1.537847958771824075e+01,4.724413289895544210e+00,1.419634409789803042e+00,6.293373025929626152e+01,1.629564757686732790e+01,4.820000000000000284e+00,2.573999999999999844e+00,5.464000225067138672e+00,-5.544279813766479492e-01
6.126503910135870967e+01,1.565811146836327339e+01,5.328208305169034986e+00,1.155206386651199457e+00,6.327167809716687685e+01,1.552044302869722081e+01,4.724413289895544210e+00,1.419634409789803042e+00,6.312582121619447406e+01,1.552155777703868367e+01,4.665199463124057644e+00,1.416015306426565701e+00,6.340725626009245275e+01,1.650348468077307729e+01,5.195999999999999730e+00,1.429999999999999938e+00,5.388999938964843750e+00,-2.135051041841506958e-01
6.172881712003300692e+01,2.082189460078101817e+01,5.385678493303553971e+00,3.930244225691663651e-01,6.359234116250687663e+01,1.566315930768134024e+01,4.665199463124057644e+00,1.416015306426565701e+00,6.346325660425861059e+01,1.605923687020463220e+01,4.615711435541330232e+00,1.586475222610094438e+00,6.391714777079781840e+01,1.657405371880268063e+01,5.442000000000000171e+00,5.620000000000000551e-01,5.471000194549560547e+00,-7.284671068191528320e-02
6.622961260341936907e+01,1.810145230630674718e+01,5.647599161012339941e+00,7.409729053180914571e-01,6.392482774781274202e+01,1.621788439246564195e+01,4.615711435541330232e+00,1.586475222610094438e+00,6.416115381271734464e+01,1.634368123039815757e+01,4.743155922897373422e+00,1.632455938879460389e+00,6.443352426595878057e+01,1.662131114344927241e+01,5.416000000000000369e+00,7.730000000000000204e-01,5.471000194549560547e+00,-1.304562538862228394e-01
6.503037628901375911e+01,1.743337638596863215e+01,5.746586636099294765e+00,7.999666024241018913e-01,6.463546940500708615e+01,1.650692682428610425e+01,4.743155922897373422e+00,1.632455938879460389e+00,6.470892259590399931e+01,1.655218888345685713e+01,4.793466338929039949e+00,1.640721076464652928e+00,6.505966486064346554e+01,1.671793170305358700e+01,5.524000000000000021e+00,9.499999999999999556e-01,5.605000019073486328e+00,-1.383183598518371582e-01
6.647415108998849576e+01,2.098214669496647744e+01,4.379976524708761865e+00,-7.152981459088265659e-01,6.518826922979690153e+01,1.671626099110332220e+01,4.793466338929039949e+00,1.640721076464652928e+00,6.528067689456885603e+01,1.698357477262313608e+01,4.830496158455523492e+00,1.729662501131589591e+00,6.554662241004177758e+01,1.674285025895912327e+01,4.392000000000000348e+00,-3.499999999999999778e-01,3.204999923706054688e+00,1.618818938732147217e-01
6.647415108998849576e+01,2.098214669496647744e+01,3.104868210454242217e+00,-5.070589903165864110e-01,6.576372651041441486e+01,1.715654102273629533e+01,4.830496158455523492e+00,1.729662501131589591e+00,6.575508175963730650e+01,1.739132648845394158e+01,4.799382663807174154e+00,1.805157657187852260e+00,6.554662241004177758e+01,1.674285025895912327e+01,3.032999999999999918e+00,-1.036000000000000032e+00,3.204999923706054688e+00,1.618818938732147217e-01
